character,pinyin,gloss,our_render,shuowen_headword,matched_by,shuowen_section,construction,fanqie_middle_chinese,semantic_parts,phonetic_parts,occurrences,tier,centrality,shuowen_definition_chinese,shuowen_definition_english
不,bù,,,不,exact,不,compound,,一 (yī = the one (lowercase) · one thing (ch 22) · plain numeral where it counts),,242,,0.9406,鳥飛上翔不下來也。从一，一猶天也。象形。凡不之屬皆从不。,
之,zhī,it,,之,exact,之,pictograph,,,,252,,0.9259,出也。象艸過屮，枝莖益大，有所之。一者，地也。凡之之屬皆从之。,
而,ér,,,而,exact,而,pictograph,,,,122,,0.6011,頰毛也。象毛之形。《周禮》曰：“作其鱗之而。”凡而之屬皆从而。,
為,wéi,do / handle / serve as,do / handle / serve as,爲,orthographic,爪,pictograph,,,,113,Tier 1,0.5137,母猴也。其爲禽好爪。爪，母猴象也。下腹爲母猴形。王育曰：“爪，象形也。”,
無,Wú,absence,absence,無,exact,亡,phonetic-compound,,亡 (wáng = perish),無 (Wú = absence),101,Tier 1,0.4595,亡也。从亡無聲。,
天,tiān,sky (as a tier) · nature / the natural (as an agent),sky (as a tier) · nature / the natural (as an agent),天,exact,一,compound,他前切,一 (yī = the one (lowercase) · one thing (ch 22) · plain numeral where it counts) + 大 (dà = ),,92,Tier 0,0.4506,顛也。至高無上。从一大。,
有,yǒu,presence,presence,有,exact,有,phonetic-compound,,月 (yuè = the moon),又 (yòu = not yet glossed),83,Tier 2,0.4391,不宜有也。《春秋傳》曰：“日月有食之。”从月又聲。凡有之屬皆从有。,
者,zhě,those,,者,exact,𪞶,phonetic-compound,,𪞶 (? = not yet glossed),𣥐 (? = not yet glossed),90,,0.4345,別事詞也。从𪞶𣥐聲。𣥐，古文旅字。,
人,rén,,,人,exact,人,pictograph,,,,85,,0.4327,天地之性最貴者也。此籒文。象臂脛之形。凡人之屬皆从人。,
是,Shì,,,是,exact,是,compound,,日 (rì = day),,71,,0.4252,直也。从日、正。凡是之屬皆从是。,
下,xià,,,下,exact,丄,unanalysed,胡雅切,,,82,Tier 0,0.4062,底也。指事。,
故,Gù,Therefore,,故,exact,攴,phonetic-compound,,攴 (pū = a hand striking — action done to something),古 (gǔ = ancient),64,,0.3863,使爲之也。从攴古聲。,
道,Dào,the Tao (left untranslated),the Tao (left untranslated),道,exact,辵,compound,,"辵 (chuò = walking, going along a road) + 𩠐 (? = not yet glossed)",,75,locked,0.3684,所行道也。从辵从𩠐。一達謂之道。,
大,dà,,,大,exact,大,pictograph,,,,58,,0.3032,天大，地大，人亦大。故大象人形。古文𠘲也。凡大之屬皆从大。,
知,zhī,,,知,exact,矢,compound,,口 (kǒu = mouths) + 矢 (shǐ = an arrow),,57,,0.295,詞也。从口从矢。,
物,wù,things / something,things / something,物,exact,牛,phonetic-compound,,牛 (niú = an ox),勿 (wù = do not),37,Tier 2,0.2531,萬物也。牛爲大物；天地之𢿙，起於牽牛，故从牛。勿聲。,
善,shàn,masterful / masterful at · the masterful & the unmasterful (of people) · good (only where the text names the category),masterful / masterful at · the masterful & the unmasterful (of people) · good (only where the text names the category),譱,old-form,誩,compound,,誩 (? = not yet glossed) + 羊 (yáng = a sheep),,52,locked,0.2446,吉也。从誩从羊。此與義美同意。,
若,ruò,,,若,exact,艸,compound,,"艸 (cǎo = grass, growing plants)",,46,,0.2351,擇菜也。从艸、右。右，手也。一曰杜若，香艸。,
謂,wèi,called,,謂,exact,言,phonetic-compound,,言 (yán = ),胃 (? = not yet glossed),35,,0.2208,報也。从言胃聲。,
聖,shèng,sageliness,,聖,exact,耳,phonetic-compound,,耳 (ěr = ears),呈 (? = not yet glossed),31,,0.2173,通也。从耳呈聲。,
可,kě,,,可,exact,可,phonetic-compound,,口 (kǒu = mouths) + 丂 (? = not yet glossed),丂 (? = not yet glossed),36,,0.2143,𦘫也。从口丂，丂亦聲。凡可之屬皆从可。,
夫,Fū,Now then,,夫,exact,夫,compound,,大 (dà = ),,30,,0.2079,丈夫也。从大，一以象簪也。周制以八寸爲尺，十尺爲丈。人長八尺，故曰丈夫。凡夫之屬皆从夫。,
生,shēng,give birth to / bear / bring forth,give birth to / bear / bring forth,生,exact,生,pictograph,,,,38,locked,0.2064,進也。象艸木生出土上。凡生之屬皆从生。,
則,zé,then/thus,,則,exact,刀,compound,,"刀 (dāo = a knife) + 貝 (bèi = a cowrie shell — money, worth)",,32,,0.201,等畫物也。从刀从貝。貝，古之物貨也。,
得,dé,,,得,exact,彳,phonetic-compound,,彳 (chì = a step taken; going),㝵 (? = not yet glossed),33,,0.1998,行有所得也。从彳㝵聲。,
德,dé,integrity,integrity,德,exact,彳,phonetic-compound,,彳 (chì = a step taken; going),㥁 (? = not yet glossed),44,locked,0.1976,升也。从彳㥁聲。,
所,suǒ,,,所,exact,斤,phonetic-compound,,斤 (jīn = an axe),戶 (hù = doors),26,,0.1875,伐木聲也。从斤戶聲。《詩》曰：“伐木所所。”,
能,néng,can,,能,exact,能,phonetic-compound,,肉 (ròu = flesh),㠯 (? = not yet glossed),33,,0.1872,熊屬。足似鹿。从肉㠯聲。能獸堅中，故稱賢能；而彊壯，稱能傑也。凡能之屬皆从能。,
常,cháng,the ever-present / the abiding,the ever-present / the abiding,常,exact,巾,phonetic-compound,,巾 (jīn = a cloth),尚 (shàng = still),30,locked,0.1839,下帬也。从巾尚聲。,
自,zì,,,自,exact,自,pictograph,,,,33,Tier 1,0.1837,鼻也。象鼻形。凡自之屬皆从自。,
民,mín,people,,民,exact,民,compound,,古 (gǔ = ancient) + 文 (wén = culture/adornment) + 之 (zhī = it) + 象 (xiàng = ),,32,,0.1662,眾萌也。从古文之象。凡民之屬皆从民。,
萬,wàn,countless,countless,萬,exact,禸,compound,,厹 (? = not yet glossed),,21,Tier 2,0.1638,蟲也。从厹，象形。,
欲,yù,,,欲,exact,欠,phonetic-compound,,"欠 (qiàn = a person with the mouth open — breath, wanting)",谷 (Gǔ = ),26,,0.1621,貪欲也。从欠谷聲。,
行,xíng,,,行,exact,行,compound,,彳 (chì = a step taken; going) + 亍 (? = not yet glossed),,20,,0.157,人之步趨也。从彳从亍。凡行之屬皆从行。,
言,yán,,,言,exact,言,phonetic-compound,,口 (kǒu = mouths),䇂 (? = not yet glossed),21,,0.1538,直言曰言，論難曰語。从口䇂聲。凡言之屬皆从言。,
貴,guì,,,貴,exact,貝,phonetic-compound,,"貝 (bèi = a cowrie shell — money, worth)",臾 (? = not yet glossed),22,,0.1525,物不賤也。从貝臾聲。臾，古文蕢。,
吾,Wú,the self seeing,the self seeing,吾,exact,口,phonetic-compound,,口 (kǒu = mouths),五 (Wǔ = Five),22,locked,0.1482,我，自稱也。从口五聲。,
用,yòng,use,use,用,exact,用,compound,,卜 (? = not yet glossed) + 中 (zhōng = not yet glossed),,22,locked,0.1439,可施行也。从卜从中。衞宏說。凡用之屬皆从用。,
事,shì,"affairs / undertakings (noun) · to serve, to attend to (verb)","affairs / undertakings (noun) · to serve, to attend to (verb)",事,exact,史,phonetic-compound,,史 (? = not yet glossed),之 (zhī = it),21,locked,0.1363,職也。从史，之省聲。,
強,qiáng,"strong — *strengthen* where it takes an object, *forcing* where it strains against a thing's nature","strong — *strengthen* where it takes an object, *forcing* where it strains against a thing's nature",強,exact,虫,phonetic-compound,,"虫 (chóng = an insect, a crawling creature)",弘 (? = not yet glossed),22,locked,0.1348,蚚也。从虫弘聲。,
莫,mò,no one,,莫,exact,茻,compound,,日 (rì = day) + 在 (zài = place in) + 茻 (? = not yet glossed) + 中 (zhōng = not yet glossed),,20,,0.1345,日且冥也。从日在茻中。,
兮,xī,oh,,兮,exact,兮,compound,,丂 (? = not yet glossed),,28,,0.1325,語所稽也。从丂，八象气越亏也。凡兮之屬皆从兮。,
將,jiāng,that is about to,,將,exact,寸,phonetic-compound,,寸 (cùn = not yet glossed),𤖕 (? = not yet glossed),23,,0.1257,帥也。从寸，𤖕省聲。,
此,Cǐ,this,,此,exact,此,compound,,"止 (zhǐ = stopping point) + 匕 (bǐ = a spoon, a ladle)",,16,,0.1219,止也。从止从匕。匕，相比次也。凡此之屬皆从此。,
成,chéng,,,成,exact,戊,phonetic-compound,,戊 (? = not yet glossed),丁 (? = not yet glossed),17,,0.1201,就也。从戊丁聲。,
國,guó,state,,國,exact,囗,compound,,"囗 (wéi = an enclosure, a boundary) + 或 (huò = sometimes)",,25,,0.1197,邦也。从囗从或。,
身,shēn,body/self,,身,exact,身,phonetic-compound,,人 (rén = ),𠂆 (? = not yet glossed),23,,0.1194,躳也。象人之身。从人𠂆聲。凡身之屬皆从身。,
足,zú,,,足,exact,足,compound,,止 (zhǐ = stopping point),,19,,0.1178,人之足也。在下。从止、口。凡足之屬皆从足。,
上,Shàng,,,上,exact,丄,unanalysed,時掌切,,,19,,0.1139,高也。此古文上，指事也。凡丄之屬皆从丄。,
名,míng,,,名,exact,口,compound,,口 (kǒu = mouths) + 夕 (xī = evening — the moon half shown),,23,Tier 3,0.1129,自命也。从口从夕。夕者，冥也。冥不相見，故以口自名。,
唯,wéi,Agreement/yes,,唯,exact,口,phonetic-compound,,口 (kǒu = mouths),隹 (zhuī = a short-tailed bird),16,,0.1121,諾也。从口隹聲。,
曰,yuē,called,,曰,exact,曰,phonetic-compound,,口 (kǒu = mouths),乙 (? = not yet glossed),22,,0.1118,詞也。从口乙聲。亦象口气出也。凡曰之屬皆从曰。,
與,yǔ,,,與,exact,舁,compound,,舁 (yú = four hands lifting together) + 与 (? = not yet glossed),,15,,0.1114,黨與也。从舁从与。,
然,rán,,,然,exact,火,phonetic-compound,,火 (huǒ = fire),肰 (? = not yet glossed),12,Tier 1,0.1075,燒也。从火肰聲。,
處,chǔ,,,処,old-form,几,compound,,"几 (jī = a low table, a stool) + 夂 (? = not yet glossed)",,15,,0.1075,止也。得几而止。从几从夂。,
勝,Shèng,One who overcomes/defeats,,勝,exact,力,phonetic-compound,,力 (lì = force),朕 (? = not yet glossed),16,,0.1065,任也。从力朕聲。,
死,sǐ,,,死,exact,死,compound,,"歺 (è = splintered bone — death, decay) + 人 (rén = )",,18,,0.1063,澌也，人所離也。从歺从人。凡死之屬皆从死。,
我,Wǒ,the self seen,the self seen,我,exact,我,compound,,戈 (gē = a dagger-axe) + 𠄒 (? = not yet glossed),,19,locked,0.1059,施身自謂也。或說我，頃頓也。从戈从𠄒。𠄒，或說古垂字。一曰古殺字。凡我之屬皆从我。,
長,cháng,,,長,exact,長,phonetic-compound,,"兀 (? = not yet glossed) + 匕 (bǐ = a spoon, a ladle)",亾 (? = not yet glossed),16,,0.1052,久遠也。从兀从匕。兀者，高遠意也。久則變化。亾聲。{{?,
也,yě,particle,,也,exact,乁,pictograph,,,,14,Tier 0,0.1021,女陰也。象形。,
地,dì,earth,,地,exact,土,phonetic-compound,,土 (tǔ = not yet glossed),也 (yě = particle),18,Tier 0,0.1018,元气初分，輕清陽爲天，重濁陰爲地。萬物所陳𠛱也。从土也聲。,
一,yī,the one (lowercase) · one thing (ch 22) · plain numeral where it counts,the one (lowercase) · one thing (ch 22) · plain numeral where it counts,一,exact,一,unanalysed,於悉切,,,15,Tier 2,0.0993,惟初太始，道立於一，造分天地，化成萬物。凡一之屬皆从一。,
何,Hé,What,,何,exact,人,phonetic-compound,,人 (rén = ),可 (kě = ),14,,0.0978,儋也。从人可聲。,
復,Fù,,,復,exact,彳,phonetic-compound,,彳 (chì = a step taken; going),复 (? = not yet glossed),15,Tier 3,0.0961,往來也。从彳复聲。,
多,Duō,Many/much,,多,exact,多,compound,,重 (Zhòng = Heavy/mass) + 夕 (xī = evening — the moon half shown),,14,,0.0947,重也。从重夕。夕者，相繹也，故爲多。重夕爲多，重日爲曡。凡多之屬皆从多。,
明,Míng,clear-seeing / clarity,clear-seeing / clarity,朙,old-form,朙,compound,,月 (yuè = the moon) + 囧 (jiǒng = a lattice window letting light through),,13,Tier 1,0.0947,照也。从月从囧。凡朙之屬皆从朙。,
器,qì,vessel / tool / implement,vessel / tool / implement,器,exact,㗊,pictograph,,,,12,Tier 1,0.0919,皿也。象器之口，犬所以守之。,
見,jiàn,,,見,exact,見,unanalysed,,,,14,,0.0919,視也。从-{儿}-从目。凡見之屬皆从見。,
亦,yì,also,,亦,exact,亦,compound,,大 (dà = ),,13,,0.0899,人之臂亦也。从大，象兩亦之形。凡亦之屬皆从亦。,
王,wáng,ruler / sovereign · to rule (verb),ruler / sovereign · to rule (verb),王,exact,王,unanalysed,雨方切,,,13,Tier 3,0.088,天下所歸往也。董仲舒曰：「古之造文者，三畫而連其中謂之王。三者，天、地、人也，而參通之者，王也。」孔子曰：「一貫三爲王。」凡王之屬皆从王。,
失,Shī,,,失,exact,手,phonetic-compound,,手 (shǒu = not yet glossed),乙 (? = not yet glossed),17,,0.0879,縱也。从手乙聲。,
相,xiāng,,,相,exact,目,compound,,目 (mù = eyes) + 木 (mù = not yet glossed),,14,,0.0876,省視也。从目从木。《易》曰：“地可觀者，莫可觀於木。”《詩》曰：“相鼠有皮。”,
兵,bīng,,,兵,exact,𠬞,compound,,廾 (gǒng = two hands raised together) + 持 (Chí = Holding/grasping) + 斤 (jīn = an axe),,12,,0.0826,械也。从廾持斤，并力之皃。,
必,bì,must,,必,exact,八,phonetic-compound,,"八 (bā = eight; to divide, to part)",弋 (yì = a stake; a tethered arrow),14,,0.0822,分極也。从八、弋，弋亦聲。,
利,lì,advantage,advantage,利,exact,刀,compound,,刀 (dāo = a knife) + 和 (hé = harmonious),,10,locked,0.0816,銛也。从刀。和然後利，从和省。《易》曰：“利者，義之和也。”,
後,hòu,,,後,exact,彳,compound,,彳 (chì = a step taken; going),,11,,0.0799,遲也。从彳、幺、夊者，後也。,
或,huò,sometimes,,或,exact,戈,compound,,"囗 (wéi = an enclosure, a boundary) + 戈 (gē = a dagger-axe)",,18,,0.0797,邦也。从囗从戈，以守一。一，地也。,
柔,róu,suppleness/softness,,柔,exact,木,phonetic-compound,,木 (mù = not yet glossed),矛 (? = not yet glossed),11,,0.0791,木曲直也。从木矛聲。,
治,zhì,,,治,exact,水,phonetic-compound,,水 (shuǐ = water),台 (? = not yet glossed),13,,0.0791,水。出東萊曲城陽丘山，南入海。从水台聲。,
矣,yǐ,particle,,矣,exact,矢,phonetic-compound,,矢 (shǐ = an arrow),以 (yǐ = ),10,,0.0788,語已詞也。从矢以聲。,
終,zhōng,last the whole,,終,exact,糸,phonetic-compound,,糸 (mì = silk thread),冬 (dōng = not yet glossed),10,,0.0788,絿絲也。从糸冬聲。,
歸,guī,return,,歸,exact,止,phonetic-compound,,止 (zhǐ = stopping point) + 婦 (? = not yet glossed),𠂤 (? = not yet glossed),11,,0.0778,女嫁也。从止，从婦省，𠂤聲。,
使,shǐ,,,使,exact,人,phonetic-compound,,人 (rén = ),吏 (? = not yet glossed),11,,0.0763,伶也。从人吏聲。,
三,Sān,three,,三,exact,三,compound,穌甘切,三 (Sān = three) + 數 (shù = not yet glossed),,11,,0.0758,天、地、人之道也。从三數。凡三之屬皆从三。,
信,xìn,trust / trustworthy,trust / trustworthy,信,exact,言,compound,,人 (rén = ) + 言 (yán = ),,15,Tier 3,0.0755,誠也。从人从言。會意。,
子,zǐ,,,子,exact,子,pictograph,,,,9,,0.0753,十一月，陽气動，萬物滋，人以爲偁。象形。凡子之屬皆从子。,
取,qǔ,,,取,exact,又,compound,,又 (yòu = not yet glossed) + 耳 (ěr = ears),,12,,0.0748,捕取也。从又从耳。《周禮》：“獲者取左耳。”《司馬法》曰：“載獻聝。”聝者，耳也。,
居,jū,,,居,exact,-{尸}-,compound,,尸 (shī = a body laid out; a seated figure) + 古 (gǔ = ancient) + 者 (zhě = those),,11,,0.0747,蹲也。从尸古者，居从古。,
如,rú,Like,,如,exact,女,compound,,隨 (suí = ) + 也 (yě = particle) + 女 (nǚ = a woman) + 口 (kǒu = mouths),,10,,0.0745,从隨也。从女从口。,
谷,Gǔ,,,谷,exact,谷,compound,,水 (shuǐ = water) + 半 (? = not yet glossed) + 見 (jiàn = ),,10,,0.0734,泉出通川爲谷。从水半見，出於口。凡谷之屬皆从谷。,
守,shǒu,,,守,exact,宀,compound,,宀 (mián = a roof; under a house) + 寸 (cùn = not yet glossed),,11,,0.0724,守官也。从宀从寸。寺府之事者。从寸。寸，法度也。,
小,xiǎo,small,,小,exact,小,compound,,"八 (bā = eight; to divide, to part)",,10,,0.0723,物之微也。从八，丨見而分之。凡小之屬皆从小。,
久,jiǔ,,,久,exact,久,pictograph,,,,10,,0.0721,以後灸之，象人兩脛後有距也。《周禮》曰：“久諸牆以觀其橈。”凡久之屬皆从久。,
靜,jìng,,,靜,exact,青,phonetic-compound,,"青 (qīng = blue-green, the colour of growing things)",爭 (zhēng = contend / contention),10,,0.0713,審也。从青爭聲。,
心,xīn,heart,heart,心,exact,心,pictograph,,,,10,Tier 2,0.0704,人心，土藏，在身之中。象形。博士說以爲火藏。凡心之屬皆从心。,
非,fēi,they are not,,非,exact,非,compound,,飛 (? = not yet glossed) + 下 (xià = ) + 翄 (? = not yet glossed),,10,,0.0702,違也。从飛下翄，取其相背。凡非之屬皆从非。,
爭,zhēng,contend / contention,contend / contention,爭,exact,𠬪,compound,,𠬪 (? = not yet glossed),,10,Tier 3,0.0691,引也。从𠬪、𠂆。,
盈,yíng,,,盈,exact,皿,compound,,皿 (? = not yet glossed),,9,,0.0688,滿器也。从皿、夃。,
弱,ruò,yielding — and *weaken* only where it takes an object,yielding — and *weaken* only where it takes an object,弱,exact,彡,pictograph,,,,10,locked,0.0682,橈也。上象橈曲，彡象毛氂橈弱也。弱物并，故从二𢎥。,
先,xiān,,,先,exact,先,unanalysed,,,,8,Tier 3,0.0677,前進也。从-{儿}-从之。凡先之屬皆从先。,
餘,yú,leftover/surplus,,餘,exact,食,phonetic-compound,,食 (shí = ),"余 (yú = a shelter; and, borrowed, 'I')",9,,0.0669,饒也。从食余聲。,
執,Zhí,,,執,exact,㚔,phonetic-compound,,丮 (? = not yet glossed) + 幸 (? = not yet glossed),幸 (? = not yet glossed),9,,0.0656,捕罪人也。从丮从幸，幸亦聲。,
古,gǔ,ancient,,古,exact,古,compound,,十 (shí = not yet glossed),,8,,0.0643,故也。从十、口。識前言者也。凡古之屬皆从古。,
樸,pǔ,uncarved wood / the uncarved,uncarved wood / the uncarved,樸,exact,木,phonetic-compound,,木 (mù = not yet glossed),菐 (? = not yet glossed),8,Tier 1,0.0634,木素也。从木菐聲。,
焉,yān,here,,焉,exact,烏,pictograph,,,,9,,0.0634,焉鳥，黃色，出於江淮。象形。凡字：朋者，羽蟲之屬；烏者，日中之禽；舄者，知太歲之所在；燕者，請子之𠋫，作巢避戊己。所䝿者故皆象形。焉亦是也。,
易,yì,,,易,exact,易,pictograph,,,,11,,0.0633,蜥易，蝘蜓，守宮也。象形。《祕書》說：日月爲易，象陰陽也。一曰从勿。凡易之屬皆从易。,
始,shǐ,beginnings/origins,,始,exact,女,phonetic-compound,,女 (nǚ = a woman),台 (? = not yet glossed),8,Tier 3,0.0621,女之初也。从女台聲。,
玄,xuán,dark or profound,dark or profound,玄,exact,玄,pictograph,,,,12,locked,0.062,幽遠也。黑而有赤色者爲玄。象幽而入覆之也。凡玄之屬皆从玄。,
去,qù,,,去,exact,去,phonetic-compound,,大 (dà = ),𠙴 (? = not yet glossed),10,,0.0615,人相違也。从大𠙴聲。凡去之屬皆从去。,
至,zhì,,,至,exact,至,compound,,高 (gāo = not yet glossed) + 下 (xià = ) + 至 (zhì = not yet glossed) + 地 (dì = earth) + 也 (yě = particle) + 一 (yī = the one (lowercase) · one thing (ch 22) · plain numeral where it counts),,8,,0.0612,鳥飛从高下至地也。从一，一猶地也。象形。不，上去；而至，下來也。凡至之屬皆从至。,
和,hé,harmonious,,和,exact,口,phonetic-compound,,口 (kǒu = mouths),禾 (hé = standing grain),8,,0.061,相譍也。从口禾聲。,
甚,shèn,,,甚,exact,甘,compound,,甘 (gān = not yet glossed) + 匹 (? = not yet glossed) + 耦 (? = not yet glossed) + 也 (yě = particle),,9,,0.0606,尤安樂也。从甘，从匹耦也。,
眾,zhòng,the crowd / the many,the crowd / the many,眾,exact,㐺,compound,,乑 (? = not yet glossed),,9,Tier 1,0.0604,多也。从乑、目，衆意。,
哉,zāi,alas,,哉,exact,口,phonetic-compound,,口 (kǒu = mouths),𢦔 (? = not yet glossed),7,,0.0599,言之閒也。从口𢦔聲。,
重,Zhòng,Heavy/mass,,重,exact,重,phonetic-compound,,壬 (? = not yet glossed),東 (? = not yet glossed),6,,0.059,厚也。从壬東聲。凡重之屬皆从重。,
令,lìng,cause,,令,exact,卩,compound,,亼 (jí = to gather together),,8,,0.0584,發號也。从亼、卪。,
輕,qīng,,,輕,exact,車,phonetic-compound,,車 (chē = not yet glossed),坙 (? = not yet glossed),8,,0.0584,輕車也。从車坙聲。,
猶,yóu,,,猶,exact,犬,phonetic-compound,,犬 (quǎn = not yet glossed),酋 (? = not yet glossed),6,,0.0575,玃屬。从犬酋聲。一曰隴西謂犬子爲猷。,
皆,jiē,all,,皆,exact,𪞶,compound,,比 (bǐ = not yet glossed) + 𪞶 (? = not yet glossed),,8,,0.0571,俱詞也。从比从𪞶。,
乎,hū,question particle,,乎,exact,兮,compound,,兮 (xī = oh),,10,,0.0565,語之餘也。从兮，象聲上越揚之形也。,
功,gōng,,,功,exact,力,phonetic-compound,,"力 (lì = force) + 工 (gōng = a carpenter's square — work, craft)","工 (gōng = a carpenter's square — work, craft)",7,,0.0565,以勞定國也。从力从工，工亦聲。,
固,gù,,,固,exact,囗,phonetic-compound,,"囗 (wéi = an enclosure, a boundary)",古 (gǔ = ancient),8,,0.056,四塞也。从囗古聲。,
美,měi,glorifying/beautifying,,美,exact,羊,compound,,羊 (yáng = a sheep) + 大 (dà = ),,9,,0.0552,甘也。从羊从大。羊在六畜主給膳也。美與善同意。,
樂,lè,glad/happy,,樂,exact,木,pictograph,,,,8,,0.055,五聲八音緫名。象鼓鞞。木，虡也。,
畏,wèi,fear,,畏,exact,甶,compound,,甶 (? = not yet glossed),,8,,0.0548,惡也。从甶，虎省。鬼頭而虎爪，可畏也。,
百,bǎi,hundred,,百,exact,𪞶,compound,,一 (yī = the one (lowercase) · one thing (ch 22) · plain numeral where it counts),,7,,0.0547,十十也。从一、白。數，十百爲一貫。相章也。,
主,zhǔ,,,主,exact,丶,phonetic-compound,,"丶 (zhǔ = a mark, a point)","丶 (zhǔ = a mark, a point)",6,,0.0545,鐙中火主也。从{{?,
出,chū,emerge,,出,exact,出,pictograph,,,,7,,0.0545,進也。象艸木益滋，上出達也。凡出之屬皆从出。,
乃,nǎi,leads to,,乃,exact,乃,pictograph,,,,12,,0.054,曳詞之難也。象气之出難。凡𠄎之屬皆从𠄎。,
已,yǐ,,,巳,orthographic,巳,pictograph,,,,9,,0.0539,巳也。四月，陽气巳出，陰气巳藏，萬物見，成文章，故巳爲蛇，象形。凡巳之屬皆从巳。,
日,rì,day,,日,exact,日,compound,,"囗 (wéi = an enclosure, a boundary) + 一 (yī = the one (lowercase) · one thing (ch 22) · plain numeral where it counts)",,6,,0.0534,實也。太陽之精不虧。从囗一。象形。凡日之屬皆从日。,
仁,rén,humaneness,humaneness,仁,exact,人,compound,,人 (rén = ) + 二 (èr = not yet glossed),,8,Tier 3,0.0528,親也。从人从二。,
作,zuò,,,作,exact,人,compound,,人 (rén = ) + 乍 (? = not yet glossed),,7,,0.0526,起也。从人从乍。,
惡,è,,,惡,exact,心,phonetic-compound,,心 (xīn = heart),亞 (? = not yet glossed),7,,0.0511,過也。从心亞聲。,
正,zhèng,,,正,exact,正,compound,,止 (zhǐ = stopping point),,7,,0.0504,是也。从止，一以止。凡正之屬皆从正。,
母,mǔ,mother,mother,母,exact,女,compound,,女 (nǚ = a woman),,7,locked,0.0493,牧也。从女，象褱子形。一曰象乳子也。,
聞,wén,hearing,,聞,exact,耳,phonetic-compound,,耳 (ěr = ears),門 (mén = ),7,,0.0493,知聞也。从耳門聲。,
雖,Suī,,,雖,exact,虫,phonetic-compound,,"虫 (chóng = an insect, a crawling creature)",唯 (wéi = Agreement/yes),6,,0.048,似蜥蜴而大。从虫唯聲。,
同,tóng,merge/identify,,同,exact,𠔼,compound,,𠔼 (? = not yet glossed) + 口 (kǒu = mouths),,11,,0.0472,合會也。从𠔼从口。,
動,dòng,,,動,exact,力,phonetic-compound,,力 (lì = force),重 (Zhòng = Heavy/mass),5,,0.0467,作也。从力重聲。,
愛,Ài,loving/cherishing,,愛,exact,夊,phonetic-compound,,"夊 (suī = walking slowly, dragging the feet)",㤅 (? = not yet glossed),5,,0.0467,行皃。从夊㤅聲。,
未,wèi,,,未,exact,未,pictograph,,,,7,,0.0465,味也。六月，滋味也。五行，木老於未。象木重枝葉也。凡未之屬皆从未。,
觀,guān,,,觀,exact,見,phonetic-compound,,見 (jiàn = ),雚 (? = not yet glossed),9,,0.0457,諦視也。从見雚聲。,
厚,hòu,,,厚,exact,㫗,compound,,"𣆪 (? = not yet glossed) + 厂 (hǎn = a cliff, an overhang)",,5,,0.0456,山陵之厚也。从𣆪从厂。,
君,jūn,master/ruler,,君,exact,口,compound,,尹 (? = not yet glossed),,6,,0.0452,尊也。从尹。發號，故从口。,
殺,shā,in killing,,殺,exact,殺,phonetic-compound,,殳 (? = not yet glossed),杀 (? = not yet glossed),9,,0.0448,戮也。从殳杀聲。凡殺之屬皆从殺。,
極,jí,extreme/limit,,極,exact,木,phonetic-compound,,木 (mù = not yet glossed),亟 (? = not yet glossed),6,,0.0447,棟也。从木亟聲。,
安,ān,take the calm/at rest,,安,exact,宀,compound,,女 (nǚ = a woman) + 在 (zài = place in) + 宀 (mián = a roof; under a house) + 下 (xià = ),,5,,0.0445,靜也。从女在宀下。,
親,qīn,,,親,exact,見,phonetic-compound,,見 (jiàn = ),亲 (? = not yet glossed),5,,0.0445,至也。从見亲聲。,
食,shí,,,食,exact,食,phonetic-compound,,皀 (? = not yet glossed),亼 (jí = to gather together),5,,0.0445,一米也。从皀亼聲。或說亼皀也。凡食之屬皆从食。,
神,shén,,,神,exact,示,phonetic-compound,食鄰切,示 (shì = not yet glossed),申 (? = not yet glossed),8,,0.0444,天神，引出萬物者也。从示，申聲。,
益,yì,,,益,exact,皿,compound,,水 (shuǐ = water),,6,,0.0439,饒也。从水、皿。皿，益之意也。,
損,sǔn,,,損,exact,手,phonetic-compound,,手 (shǒu = not yet glossed),員 (? = not yet glossed),8,,0.0424,減也。从手員聲。,
兩,liǎng,,,兩,exact,㒳,compound,,一 (yī = the one (lowercase) · one thing (ch 22) · plain numeral where it counts),,5,,0.0423,二十四銖爲一兩。从一；㒳，平分，亦聲。,
中,zhōng,,,中,exact,丨,compound,陟弓切,口 (kǒu = mouths),,7,,0.042,内也。从口。丨，上下通。,
致,zhì,,,致,exact,夊,compound,,"夊 (suī = walking slowly, dragging the feet) + 至 (zhì = not yet glossed)",,5,,0.0415,送詣也。从夊从至。,
恃,shì,rely on — the heart putting its weight on something,rely on — the heart putting its weight on something,恃,exact,心,phonetic-compound,,心 (xīn = heart),寺 (? = not yet glossed),5,locked,0.0413,賴也。从心寺聲。,
左,zuǒ,,,左,exact,左,compound,,𠂇 (? = not yet glossed),,5,,0.0406,手相左助也。从𠂇、工。凡左之屬皆从左。,
根,gēn,root,,根,exact,木,phonetic-compound,,木 (mù = not yet glossed),艮 (? = not yet glossed),5,,0.0404,木株也。从木艮聲。,
虛,xū,empty,,虛,exact,丘,phonetic-compound,,丘 (? = not yet glossed),虍 (? = not yet glossed),5,,0.0402,大丘也。崐崘丘謂之崐崘虛。古者九夫爲井，四井爲邑，四邑爲丘。丘謂之虛。从丘虍聲。,
貨,huò,goods/wealth,,貨,exact,貝,phonetic-compound,,"貝 (bèi = a cowrie shell — money, worth)",化 (huà = not yet glossed),5,,0.0402,財也。从貝化聲。,
且,qiě,long-lasting and,,且,exact,且,compound,,"几 (jī = a low table, a stool)",,5,,0.0395,薦也。从几，足有二橫，一其下地也。凡且之屬皆从且。,
容,róng,,,容,exact,宀,compound,,宀 (mián = a roof; under a house),,5,,0.0393,盛也。从宀、谷。,
寡,guǎ,diminish,,寡,exact,宀,compound,,宀 (mián = a roof; under a house) + 頒 (? = not yet glossed),,5,,0.0391,少也。从宀从頒。頒，分賦也，故爲少。,
幾,jī,it is close/near,,幾,exact,𢆶,compound,,𢆶 (? = not yet glossed) + 戍 (? = not yet glossed),,4,,0.0391,微也。殆也。从𢆶从戍。戍，兵守也。𢆶而兵守者，危也。,
象,xiàng,,,象,exact,象,pictograph,,,,5,,0.0391,長鼻牙，南越大獸，三秊一乳，象耳牙四足之形。凡象之屬皆从象。,
慈,cí,tenderness,tenderness,慈,exact,心,phonetic-compound,,心 (xīn = heart),兹 (? = not yet glossed),7,locked,0.0389,愛也。从心兹聲。,
辱,rǔ,,,辱,exact,辰,compound,,寸 (cùn = not yet glossed) + 在 (zài = place in) + 辰 (? = not yet glossed) + 下 (xià = ),,6,,0.0385,恥也。从寸在辰下。失耕時，於封畺上戮之也。辰者，農之時也。故房星爲辰，田候也。,
牝,pìn,female,,牝,exact,牛,phonetic-compound,,牛 (niú = an ox),"匕 (bǐ = a spoon, a ladle)",5,,0.0384,畜母也。从牛匕聲。易曰：“畜牝牛，吉。”,
遠,yuǎn,,,遠,exact,辵,phonetic-compound,,"辵 (chuò = walking, going along a road)",袁 (? = not yet glossed),5,,0.0382,遼也。从辵袁聲。,
害,hai,,,害,exact,宀,phonetic-compound,,宀 (mián = a roof; under a house) + 口 (kǒu = mouths),丯 (? = not yet glossed),5,,0.038,傷也。从宀从口。宀、口，言从家起也。丯聲。,
殆,dài,danger/exhaustion,,殆,exact,歺,phonetic-compound,,"歺 (è = splintered bone — death, decay)",台 (? = not yet glossed),5,,0.038,危也。从歺台聲。,
門,mén,,,門,exact,門,compound,,二 (èr = not yet glossed) + 戶 (hù = doors),,5,,0.038,聞也。从二戶。象形。凡門之屬皆从門。,
堅,jiān,,,堅,exact,臤,compound,,臤 (? = not yet glossed) + 土 (tǔ = not yet glossed),,4,,0.0371,剛也。从臤从土。,
保,bǎo,,,保,exact,人,compound,,人 (rén = ) + 𤓽 (? = not yet glossed),,4,,0.0369,養也。从人，从𤓽省。𤓽，古文孚。,
厭,yàn,,,厭,exact,厂,phonetic-compound,,"厂 (hǎn = a cliff, an overhang)",猒 (? = not yet glossed),5,,0.0363,笮也。从厂猒聲。一曰合也。,
止,zhǐ,stopping point,,止,exact,止,pictograph,,,,5,,0.0361,下基也。象艸木出有址，故以止爲足。凡止之屬皆从止。,
入,rù,,,入,exact,入,pictograph,,,,4,,0.036,内也。象从上俱下也。凡入之屬皆从入。,
獨,dú,alone,,獨,exact,犬,phonetic-compound,,犬 (quǎn = not yet glossed),蜀 (shǔ = a caterpillar),7,,0.0359,犬相得而鬬也。从犬蜀聲。羊爲羣，犬爲獨也。一曰北嚻山有獨𤞞獸，如虎，白身，豕鬣，尾如馬。,
亂,luàn,,,亂,exact,乙,compound,,乙 (? = not yet glossed) + 𤔔 (? = not yet glossed),,4,,0.0358,治也。从乙，乙，治之也；从𤔔。,
及,Jí,,,及,exact,又,compound,,又 (yòu = not yet glossed) + 人 (rén = ),,4,,0.0358,逮也。从又从人。,
棄,qì,abandon,,棄,exact,𠦒,compound,,廾 (gǒng = two hands raised together) + 推 (tuī = not yet glossed) + 𠦒 (? = not yet glossed) + 棄 (qì = abandon) + 之 (zhī = it) + 𠫓 (? = not yet glossed),,6,,0.0354,捐也。从廾推𠦒棄之，从𠫓。𠫓，逆子也。,
過,guo,,,過,exact,辵,phonetic-compound,,"辵 (chuò = walking, going along a road)",咼 (? = not yet glossed),4,,0.035,度也。从辵咼聲。,
反,fǎn,returning/reverting,,反,exact,又,compound,,又 (yòu = not yet glossed),,4,Tier 3,0.0347,覆也。从又，厂反形。,
亡,wáng,perish,,亡,exact,亡,compound,,人 (rén = ) + 乚 (? = not yet glossed),,4,,0.0339,逃也。从人从乚。凡亡之屬皆从亡。,
繩,Shéng,,,繩,exact,糸,phonetic-compound,,糸 (mì = silk thread),蠅 (? = not yet glossed),4,,0.0339,索也。从糸，蠅省聲。,
少,Shǎo,,,少,exact,小,phonetic-compound,,小 (xiǎo = small),丿 (piě = a stroke slanting left),4,,0.0337,不多也。从小丿聲。,
微,wēi,,,微,exact,彳,phonetic-compound,,彳 (chì = a step taken; going),𢼸 (? = not yet glossed),4,,0.0337,隱行也。从彳𢼸聲。春秋傳曰：“白公其徒微之。”,
盜,dào,thieves,,盜,exact,㳄,compound,,㳄 (? = not yet glossed),,4,,0.0337,私利物也。从㳄，㳄欲皿者。,
禮,lǐ,,,禮,exact,示,phonetic-compound,靈啓切,示 (shì = not yet glossed) + 豊 (? = not yet glossed),豊 (? = not yet glossed),5,,0.0332,履也，所以事神致福也。从示，从豊，豊亦聲。,
病,bìng,,,病,exact,疒,phonetic-compound,,疒 (nè = a person on a sickbed — illness),丙 (? = not yet glossed),9,,0.0331,疾加也。从疒丙聲。,
教,jiào,,,教,exact,教,compound,,攴 (pū = a hand striking — action done to something) + 孝 (xiào = devotion),,5,,0.033,上所施下所效也。从攴从孝。凡教之屬皆从教。,
清,qīng,make it clear,,清,exact,水,phonetic-compound,,水 (shuǐ = water),"青 (qīng = blue-green, the colour of growing things)",4,,0.0328,朖也。澂水之皃。从水青聲。,
禍,Huò,,,禍,exact,示,phonetic-compound,胡果切,示 (shì = not yet glossed),咼 (? = not yet glossed),4,,0.0328,害也，神不福也。从示，咼聲。,
軍,jūn,army/campaign,,軍,exact,車,compound,,車 (chē = not yet glossed) + 包 (? = not yet glossed),,4,,0.0328,圜圍也。四千人爲軍。从車，从包省。軍，兵車也。,
海,hǎi,sea,,海,exact,水,phonetic-compound,,水 (shuǐ = water),每 (? = not yet glossed),3,,0.0325,天池也。以納百川者。从水每聲。,
玉,yù,jade,,玉,exact,玉,pictograph,魚欲切,,,3,,0.0325,石之美。有五德：潤澤以溫，仁之方也；䚡理自外，可以知中，義之方也；其聲舒揚，尃以遠聞，智之方也；不橈而折，勇之方也；銳廉而不技，絜之方也。象三玉之連，丨其貫也。凡玉之屬皆从玉。,
離,lí,,,離,exact,隹,phonetic-compound,,隹 (zhuī = a short-tailed bird),离 (? = not yet glossed),3,,0.0325,黃倉庚也。鳴則蠶生。从隹离聲。,
敗,bài,ruin,,敗,exact,攴,compound,,攴 (pū = a hand striking — action done to something),,5,,0.0322,毀也。从攴、貝。敗、賊皆从貝，會意。,
義,yì,righteousness,,義,exact,我,compound,,我 (Wǒ = the self seen),,5,,0.0319,己之威儀也。從我、羊。,
救,jiù,,,救,exact,攴,phonetic-compound,,攴 (pū = a hand striking — action done to something),求 (qiú = not yet glossed),4,,0.0317,止也。从攴求聲。,
高,gāo,,,高,exact,高,compound,,"冂 (jiōng = the far borders, open country)",,4,,0.0317,崇也。象臺觀高之形。从冂、口。與倉、舍同意。凡高之屬皆从高。,
存,cún,,,存,exact,子,phonetic-compound,,子 (zǐ = not yet glossed),才 (cái = a sprout breaking the ground),4,,0.0315,恤問也。从子才聲。,
志,zhì,,,志,exact,心,phonetic-compound,,心 (xīn = heart),之 (zhī = it),3,,0.0315,意也。从心之聲。,
姓,xìng,surnames/people,,姓,exact,女,phonetic-compound,,女 (nǚ = a woman) + 生 (shēng = give birth to / bear / bring forth),生 (shēng = give birth to / bear / bring forth),4,,0.0306,人所生也。古之神聖母，感天而生子，故稱天子。从女从生，生亦聲。《春秋傳》曰：“天子因生以賜姓。”,
目,mù,eyes,,目,exact,目,pictograph,,,,3,,0.0306,人眼。象形。重童子也。凡目之屬皆从目。,
合,hé,,,合,exact,亼,compound,,亼 (jí = to gather together) + 口 (kǒu = mouths),,3,,0.0304,合口也。从亼从口。,
開,kāi,,,開,exact,門,compound,,門 (mén = ) + 幵 (? = not yet glossed),,3,,0.0304,張也。从門从幵。,
傷,shāng,,,傷,exact,人,phonetic-compound,,人 (rén = ),𥏻 (? = not yet glossed),5,,0.03,創也。从人，𥏻省聲。,
士,shì,scholars/officers,,士,exact,士,compound,鉏里切,一 (yī = the one (lowercase) · one thing (ch 22) · plain numeral where it counts) + 十 (shí = not yet glossed),,5,,0.0298,事也。數始於一，終於十。从一从十。孔子曰：「推十合一爲士。」凡士之屬皆从士。,
式,shì,model/pattern,,式,exact,工,phonetic-compound,,"工 (gōng = a carpenter's square — work, craft)",弋 (yì = a stake; a tethered arrow),5,,0.0298,法也。从工弋聲。,
奇,jī,,,奇,exact,可,compound,,大 (dà = ) + 可 (kě = ),,4,,0.0295,異也。一曰不耦。从大从可。,
尚,shàng,still,,尚,exact,八,phonetic-compound,,"八 (bā = eight; to divide, to part)",向 (? = not yet glossed),4,,0.0295,曾也。庶幾也。从八向聲。,
服,Fú,,,服,exact,舟,phonetic-compound,,舟 (zhōu = not yet glossed),𠬝 (? = not yet glossed),4,,0.0295,用也。一曰車右騑，所以舟旋。从舟𠬝聲。,
四,sì,four,,四,exact,四,pictograph,,,,3,,0.0293,陰數也。象四分之形。凡四之屬皆从四。,
邪,xié,,,邪,exact,邑,phonetic-compound,,"邑 (yì = a settlement, a town)",牙 (? = not yet glossed),3,,0.0293,琅邪郡。从邑牙聲。,
右,yòu,,,右,exact,口,compound,,口 (kǒu = mouths) + 又 (yòu = not yet glossed),,4,,0.0287,助也。从口从又。,
家,jiā,family/nation,,家,exact,宀,phonetic-compound,,宀 (mián = a roof; under a house),豭 (? = not yet glossed),5,,0.0287,居也。从宀，豭省聲。,
敵,dí,,,敵,exact,攴,phonetic-compound,,攴 (pū = a hand striking — action done to something),啻 (? = not yet glossed),4,,0.0287,仇也。从攴啻聲。,
早,zǎo,,,早,exact,日,compound,,日 (rì = day) + 在 (zài = place in) + 甲 (jiǎ = not yet glossed) + 上 (Shàng = ),,4,,0.0285,晨也。从日在甲上。,
畜,xù,nourishing/rearing,,畜,exact,田,unanalysed,,,,4,,0.0285,田畜也。《淮南子》曰：“玄田爲畜。”,
祥,xiáng,,,祥,exact,示,phonetic-compound,似羊切,示 (shì = not yet glossed),羊 (yáng = a sheep),4,,0.0285,福也。从示，羊聲。一云善。,
水,shuǐ,water,,水,exact,水,pictograph,,,,3,,0.0284,凖也。北方之行。象眾水並流，中有微陽之气也。凡水之屬皆从水。,
今,jīn,,,今,exact,亼,compound,,亼 (jí = to gather together) + 乁 (? = not yet glossed),,3,,0.0282,是時也。从亼从乁。乁，古文及。,
光,guāng,,,光,exact,火,compound,,火 (huǒ = fire) + 在 (zài = place in) + 人 (rén = ) + 上 (Shàng = ),,4,,0.0282,明也。从火在人上，光明意也。,
寶,bǎo,,,寶,exact,宀,phonetic-compound,,"宀 (mián = a roof; under a house) + 王 (wáng = ruler / sovereign · to rule (verb)) + 貝 (bèi = a cowrie shell — money, worth)",缶 (fǒu = an earthenware jar),3,,0.0282,珍也。从宀从王从貝，缶聲。,
氣,qì,vital breath,,氣,exact,米,phonetic-compound,,米 (mǐ = grains of rice),气 (? = not yet glossed),3,Tier 3,0.0282,饋客芻米也。从米气聲。《春秋傳》曰：“齊人來氣諸矦。”,
深,Shēn,So deep,,深,exact,水,phonetic-compound,,水 (shuǐ = water),罙 (? = not yet glossed),3,,0.0282,水。出桂陽南平，西入營道。从水罙聲。,
混,hùn,,,混,exact,水,phonetic-compound,,水 (shuǐ = water),昆 (? = not yet glossed),3,Tier 3,0.0282,豐流也。从水昆聲。,
隨,suí,,,隨,exact,辵,phonetic-compound,,"也 (yě = particle) + 辵 (chuò = walking, going along a road)",𡐦 (? = not yet glossed),3,,0.0282,从也。从辵，𡐦省聲。,
公,gōng,impartiality / impartial (the quality) · lord / minister (the office),impartiality / impartial (the quality) · lord / minister (the office),公,exact,八,compound,,"八 (bā = eight; to divide, to part) + 厶 (sī = enclosing for oneself — the private)",,4,locked,0.0274,平分也。从八从厶。八猶背也。韓非曰：背厶爲公。,
味,wèi,flavors/tastes,,味,exact,口,phonetic-compound,,口 (kǒu = mouths),未 (wèi = ),4,,0.0274,滋味也。从口未聲。,
馬,mǎ,,,馬,exact,馬,pictograph,,,,3,,0.0274,怒也。武也。象馬頭髦尾四足之形。凡馬之屬皆从馬。,
兒,ér,,,兒,exact,-{儿}-,pictograph,,,,3,,0.0271,孺子也。从-{儿}-，象小兒頭囟未合。,
前,qián,,,前,exact,止,compound,,止 (zhǐ = stopping point) + 在 (zài = place in) + 舟 (zhōu = not yet glossed) + 上 (Shàng = ),,3,,0.0271,不行而進謂之歬。从止在舟上。,
嬰,yīng,,,嬰,exact,女,compound,,女 (nǚ = a woman),,3,,0.0271,頸飾也。从女、賏。賏，其連也。,
愚,yú,,,愚,exact,心,compound,,心 (xīn = heart) + 禺 (? = not yet glossed),,3,,0.0271,戇也。从心从禺。禺，猴屬，獸之愚者。,
解,jiě,untied,,解,exact,角,compound,,刀 (dāo = a knife) + 判 (? = not yet glossed) + 牛 (niú = an ox) + 角 (jiǎo = not yet glossed),,3,,0.0271,判也。从刀判牛角。一曰解𢊁，獸也。,
遺,yí,be left behind/lacking,,遺,exact,辵,phonetic-compound,,"辵 (chuò = walking, going along a road)",䝿 (? = not yet glossed),3,,0.0271,亾也。从辵䝿聲。,
閉,bì,closing,,閉,exact,門,compound,,門 (mén = ),,3,,0.0271,闔門也。从門；才，所以歫門也。,
音,yīn,tones/notes,,音,exact,音,compound,,言 (yán = ) + 含 (Hán = not yet glossed) + 一 (yī = the one (lowercase) · one thing (ch 22) · plain numeral where it counts),,3,,0.0271,聲也。生於心，有節於外，謂之音。宮商角徵羽，聲；絲竹金石匏土革木，音也。从言含一。凡音之屬皆从音。,
勇,yǒng,,,勇,exact,力,phonetic-compound,,力 (lì = force),甬 (? = not yet glossed),4,,0.0265,气也。从力甬聲。,
木,mù,,,木,exact,木,compound,,屮 (? = not yet glossed),,3,,0.0263,冒也。冒地而生。東方之行。从屮，下象其根。凡木之屬皆从木。,
在,zài,place in,,在,exact,土,phonetic-compound,,土 (tǔ = not yet glossed),才 (cái = a sprout breaking the ground),3,,0.0261,存也。从土才聲。,
巧,qiǎo,skill/cunning,,巧,exact,工,phonetic-compound,,"工 (gōng = a carpenter's square — work, craft)",丂 (? = not yet glossed),3,,0.0261,技也。从工丂聲。,
從,cóng,,,從,exact,从,compound,,"辵 (chuò = walking, going along a road)",,3,,0.0261,隨行也。从辵、从，从亦聲。,
戰,zhàn,,,戰,exact,戈,phonetic-compound,,戈 (gē = a dagger-axe),單 (? = not yet glossed),3,,0.0261,鬬也。从戈單聲。,
立,lì,,,立,exact,立,compound,,大 (dà = ) + 立 (lì = ) + 一 (yī = the one (lowercase) · one thing (ch 22) · plain numeral where it counts) + 之 (zhī = it) + 上 (Shàng = ),,3,,0.0261,住也。从大立一之上。凡立之屬皆从立。,
聲,shēng,,,聲,exact,耳,phonetic-compound,,耳 (ěr = ears),殸 (? = not yet glossed),3,,0.0261,音也。从耳殸聲。殸，籒文磬。,
賢,xián,,,賢,exact,貝,phonetic-compound,,"貝 (bèi = a cowrie shell — money, worth)",臤 (? = not yet glossed),3,,0.0261,多才也。从貝臤聲。,
進,jìn,,,進,exact,辵,phonetic-compound,,"辵 (chuò = walking, going along a road)",閵 (? = not yet glossed),3,,0.0261,登也。从辵，閵省聲。,
弗,fú,,,弗,exact,丿,compound,,丿 (piě = a stroke slanting left) + 乀 (? = not yet glossed) + 韋 (? = not yet glossed),,5,,0.0259,撟也。从丿从乀，从韋省。,
喪,sàng,,,喪,exact,哭,phonetic-compound,,哭 (? = not yet glossed) + 亾 (? = not yet glossed),亾 (? = not yet glossed),3,,0.0252,亾也。从哭从亾。會意。亾亦聲。,
積,jī,,,積,exact,禾,phonetic-compound,,禾 (hé = standing grain),責 (zé = not yet glossed),3,,0.0252,聚也。从禾責聲。,
賤,jiàn,,,賤,exact,貝,phonetic-compound,,"貝 (bèi = a cowrie shell — money, worth)",戔 (? = not yet glossed),3,,0.0252,賈少也。从貝戔聲。,
伐,fá,,,伐,exact,人,compound,,人 (rén = ) + 持 (Chí = Holding/grasping) + 戈 (gē = a dagger-axe),,3,,0.025,擊也。从人持戈。一曰敗也。,
凶,xiōng,,,凶,exact,凶,pictograph,,,,3,,0.025,惡也。象地穿交陷其中也。凡凶之屬皆从凶。,
好,hào,prone to/tend to,,好,exact,女,compound,,女 (nǚ = a woman),,3,,0.025,美也。从女、子。,
客,kè,guest,,客,exact,宀,phonetic-compound,,宀 (mián = a roof; under a house),各 (Gè = Each),3,,0.025,寄也。从宀各聲。,
富,fù,,,富,exact,宀,phonetic-compound,,宀 (mián = a roof; under a house),畐 (? = not yet glossed),3,,0.025,備也。一曰厚也。从宀畐聲。,
形,xíng,,,形,exact,彡,phonetic-compound,,彡 (shān = fine hair; ornamental strokes),幵 (? = not yet glossed),3,,0.025,象形也。从彡幵聲。,
彰,zhāng,prominent/manifest,,彰,exact,彡,phonetic-compound,,彡 (shān = fine hair; ornamental strokes) + 章 (? = not yet glossed),章 (? = not yet glossed),3,,0.025,文彰也。从彡从章，章亦聲。,
沖,chōng,,,沖,exact,水,compound,,水 (shuǐ = water),,3,,0.025,涌搖也。从水、中。讀若動。,
淵,Yuān,good at depth/abyss,,淵,exact,水,compound,,水 (shuǐ = water),,3,,0.025,回水也。从水，象形。左右，岸也。中象水皃。,
白,bái,white/light,,白,exact,白,compound,,入 (rù = not yet glossed) + 合 (hé = not yet glossed) + 二 (èr = not yet glossed),,3,,0.025,西方色也。陰用事，物色白。从入合二。二，陰數。凡白之屬皆从白。,
直,zhí,straight,,直,exact,乚,compound,,乚 (? = not yet glossed) + 十 (shí = not yet glossed) + 目 (mù = eyes),,3,,0.025,正見也。从乚从十从目。,
真,zhēn,real/true,,眞,old-form,𠤎,compound,,𠤎 (? = not yet glossed) + 目 (mù = eyes) + 乚 (? = not yet glossed),,3,,0.025,僊人變形而登天也。从𠤎从目从乚；八，所乘載也。,
視,Shì,Looking at,,視,exact,見,compound,,見 (jiàn = ),,3,,0.025,瞻也。从見、示。,
江,jiāng,,,江,exact,水,phonetic-compound,,水 (shuǐ = water),"工 (gōng = a carpenter's square — work, craft)",2,,0.0249,水。出蜀湔氐徼外崏山，入海。从水工聲。,
結,jié,tying/knotting,,結,exact,糸,phonetic-compound,,糸 (mì = silk thread),吉 (Jí = not yet glossed),2,,0.0249,締也。从糸吉聲。,
被,pèi,,,被,exact,衣,phonetic-compound,,衣 (Yī = not yet glossed),皮 (? = not yet glossed),2,,0.0249,𡪢衣，長一身有半。从衣皮聲。,
法,fǎ,models/follows the law of,,灋,old-form,𢊁,compound,,水 (shuǐ = water) + 去 (qù = ),,5,,0.0246,刑也。平之如水，从水；𢊁，所以觸不直者；去之，从去。,
司,sī,,,司,exact,司,compound,,反 (fǎn = returning/reverting) + 后 (? = not yet glossed),,4,,0.0243,臣司事於外者。从反后。凡司之屬皆从司。,
絕,Jué,,,絕,exact,糸,compound,,糸 (mì = silk thread) + 刀 (dāo = a knife) + 卩 (jié = a kneeling person),,4,,0.0243,斷絲也。从糸从刀从卩。,
命,mìng,destiny/the system's command,,命,exact,口,compound,,口 (kǒu = mouths) + 令 (lìng = cause),,3,,0.0241,使也。从口从令。,
建,jiàn,,,建,exact,廴,compound,,聿 (? = not yet glossed) + 廴 (? = not yet glossed),,3,,0.0241,立朝律也。从聿从廴。,
昏,hūn,,,昏,exact,日,compound,,日 (rì = day) + 氐 (? = not yet glossed),,4,,0.0241,日冥也。从日氐省。氐者，下也。一曰民聲。,
本,běn,root/foundation,,本,exact,木,compound,,木 (mù = not yet glossed),,3,,0.0241,木下曰本。从木，一在其下。,
狀,zhuàng,shape/form,,狀,exact,犬,phonetic-compound,,犬 (quǎn = not yet glossed),爿 (? = not yet glossed),3,,0.0241,犬形也。从犬爿聲。,
私,sī,the private / the private self,the private / the private self,私,exact,禾,phonetic-compound,,禾 (hé = standing grain),厶 (sī = enclosing for oneself — the private),3,locked,0.0241,禾也。从禾厶聲。北道名禾主人曰私主人。,
果,guǒ,,,果,exact,木,compound,,木 (mù = not yet glossed),,6,,0.024,木實也。从木，象果形在木之上。,
勤,qín,it is not exhausted/toilsome,,勤,exact,力,phonetic-compound,,力 (lì = force),𡏳 (? = not yet glossed),3,,0.0239,勞也。从力𡏳聲。,
夷,yí,invisible/colorless,,夷,exact,大,compound,,大 (dà = ) + 弓 (gōng = not yet glossed),,3,,0.0239,平也。从大从弓。東方之人也。,
持,Chí,Holding/grasping,,持,exact,手,phonetic-compound,,手 (shǒu = not yet glossed),寺 (? = not yet glossed),3,,0.0239,握也。从手寺聲。,
牡,mǔ,,,牡,exact,牛,phonetic-compound,,牛 (niú = an ox),土 (tǔ = not yet glossed),2,,0.0239,畜父也。从牛土聲。,
矜,jīn,,,矜,exact,矛,phonetic-compound,,矛 (? = not yet glossed),今 (jīn = ),3,,0.0239,矛柄也。从矛今聲。,
細,xì,,,細,exact,糸,phonetic-compound,,糸 (mì = silk thread),囟 (? = not yet glossed),3,,0.023,微也。从糸囟聲。,
川,chuān,river,,川,exact,川,unanalysed,,,,2,,0.0228,貫穿通流水也。《虞書》曰：“濬𡿨巜，距川。”言深𡿨巜之水會爲川也。凡川之屬皆从川。,
老,lǎo,age/decay,,老,exact,老,compound,,人 (rén = ),,3,,0.0228,考也。七十曰老。从人、毛、匕。言須髮變白也。凡老之屬皆从老。,
耳,ěr,ears,,耳,exact,耳,pictograph,,,,2,,0.0228,主聽也。象形。凡耳之屬皆从耳。,
賊,zéi,robbers,,賊,exact,戈,phonetic-compound,,戈 (gē = a dagger-axe),則 (zé = then/thus),3,,0.0228,敗也。从戈則聲。,
廣,Guǎng,,,廣,exact,广,phonetic-compound,,广 (yǎn = a shelter built against a bank),黃 (? = not yet glossed),3,,0.0219,殿之大屋也。从广黃聲。,
割,gē,cut/carve,,割,exact,刀,phonetic-compound,,刀 (dāo = a knife),害 (hai = not yet glossed),2,,0.0217,剥也。从刀害聲。,
各,Gè,Each,,各,exact,口,compound,,口 (kǒu = mouths),,2,,0.0217,異辭也。从口、夊。夊者，有行而止之，不相聽也。,
方,fāng,,,方,exact,方,pictograph,,,,2,,0.0217,併船也。象兩舟省、緫頭形。凡方之屬皆从方。,
銳,ruì,sharpening,,銳,exact,金,phonetic-compound,,金 (Jīn = Gold),兌 (duì = not yet glossed),3,,0.0217,芒也。从金兌聲。,
患,huàn,,,患,exact,心,phonetic-compound,,心 (xīn = heart) + 上 (Shàng = ) + 貫 (? = not yet glossed) + 吅 (? = not yet glossed),吅 (? = not yet glossed),4,,0.0213,憂也。从心上貫吅，吅亦聲。,
十,shí,,,十,exact,十,unanalysed,,,,4,,0.0211,數之具也。一爲東西，丨爲南北，則四方中央備矣。凡十之屬皆从十。,
化,huà,,,化,exact,𠤎,phonetic-compound,,𠤎 (? = not yet glossed) + 人 (rén = ),𠤎 (? = not yet glossed),3,,0.0209,教行也。从𠤎从人，𠤎亦聲。,
師,shī,teacher/master,,師,exact,帀,compound,,帀 (? = not yet glossed) + 𠂤 (? = not yet glossed),,3,,0.0209,二千五百人爲師。从帀从𠂤。𠂤，四帀，眾意也。,
怨,yuàn,,,怨,exact,心,phonetic-compound,,心 (xīn = heart),夗 (? = not yet glossed),3,,0.0209,恚也。从心夗聲。,
精,jīng,vital essence / essence,vital essence / essence,精,exact,米,phonetic-compound,,米 (mǐ = grains of rice),"青 (qīng = blue-green, the colour of growing things)",3,Tier 3,0.0209,擇也。从米青聲。,
彼,bǐ,that,,彼,exact,彳,phonetic-compound,,彳 (chì = a step taken; going),皮 (? = not yet glossed),3,,0.0206,往，有所加也。从彳皮聲。,
應,yìng,,,應,exact,心,phonetic-compound,,心 (xīn = heart),𤸰 (? = not yet glossed),2,,0.0206,當也。从心𤸰聲。,
挫,Cuò,supported/safe,,挫,exact,手,phonetic-compound,,手 (shǒu = not yet glossed),𡋲 (? = not yet glossed),3,,0.0206,摧也。从手𡋲聲。,
文,wén,culture/adornment,,文,exact,文,pictograph,,,,2,,0.0206,錯畫也。象交文。凡文之屬皆从文。,
腹,fù,belly,belly,腹,exact,肉,phonetic-compound,,肉 (ròu = flesh),复 (? = not yet glossed),2,locked,0.0206,厚也。从肉复聲。,
養,yǎng,,,養,exact,食,phonetic-compound,,食 (shí = ),羊 (yáng = a sheep),2,,0.0206,供養也。从食羊聲。,
驚,jīng,alarm,,驚,exact,馬,phonetic-compound,,馬 (mǎ = not yet glossed),敬 (? = not yet glossed),5,,0.0205,馬駭也。从馬敬聲。,
五,Wǔ,Five,,五,exact,五,compound,,二 (èr = not yet glossed),,3,,0.02,五行也。从二，陰陽在天地閒交午也。凡五之屬皆从五。,
往,wang,,,往,exact,彳,phonetic-compound,,彳 (chì = a step taken; going),㞷 (? = not yet glossed),3,,0.0198,之也。从彳㞷聲。,
福,fú,,,福,exact,示,phonetic-compound,方六切,示 (shì = not yet glossed),畐 (? = not yet glossed),3,,0.0198,祐也。从示，畐聲。,
識,shí,,,識,exact,言,phonetic-compound,,言 (yán = ),戠 (? = not yet glossed),3,,0.0198,常也。一曰知也。从言戠聲。,
譽,yù,praise,,譽,exact,言,phonetic-compound,,言 (yán = ),與 (yǔ = ),3,,0.0198,稱也。从言與聲。,
恐,kǒng,,,恐,exact,心,phonetic-compound,,心 (xīn = heart),𢀜 (? = not yet glossed),6,,0.0196,懼也。从心𢀜聲。,
力,lì,force,force,力,exact,力,pictograph,,,,2,locked,0.0195,筋也。象人筋之形。治功曰力，能圉大災。凡力之屬皆从力。,
口,kǒu,mouths,,口,exact,口,pictograph,,,,2,,0.0195,人所以言食也。象形。凡口之屬皆从口。,
咎,jiù,disaster/blame,,咎,exact,人,compound,,人 (rén = ) + 各 (Gè = Each),,2,,0.0195,災也。从人从各。各者，相違也。,
奈,Nài,,,柰,orthographic,木,phonetic-compound,,木 (mù = not yet glossed),示 (shì = not yet glossed),2,,0.0195,果也。从木示聲。,
新,xīn,,,新,exact,斤,phonetic-compound,,斤 (jīn = an axe),新 (xīn = ),2,,0.0195,取木也。从斤新聲。,
異,yì,am different,,異,exact,異,compound,,廾 (gǒng = two hands raised together) + 畀 (? = not yet glossed),,2,,0.0195,分也。从廾从畀。畀，予也。凡異之屬皆从異。,
脫,tuō,,,脫,exact,肉,phonetic-compound,,肉 (ròu = flesh),兌 (duì = not yet glossed),2,,0.0195,消肉臞也。从肉兌聲。,
謀,móu,,,謀,exact,言,phonetic-compound,,言 (yán = ),某 (? = not yet glossed),2,,0.0195,慮難曰謀。从言某聲。,
馳,Chí,,,馳,exact,馬,phonetic-compound,,馬 (mǎ = not yet glossed),也 (yě = particle),2,,0.0195,大驅也。从馬也聲。,
騁,chěng,,,騁,exact,馬,phonetic-compound,,馬 (mǎ = not yet glossed),甹 (? = not yet glossed),2,,0.0195,直馳也。从馬甹聲。,
骨,gǔ,,,骨,exact,骨,compound,,冎 (? = not yet glossed) + 有 (yǒu = presence) + 肉 (ròu = flesh),,2,,0.0195,肉之覈也。从冎有肉。凡骨之屬皆从骨。,
修,Xiū,,,修,exact,彡,phonetic-compound,,彡 (shān = fine hair; ornamental strokes),攸 (? = not yet glossed),5,,0.0194,飾也。从彡攸聲。,
濁,zhuó,,,濁,exact,水,phonetic-compound,,水 (shuǐ = water),蜀 (shǔ = a caterpillar),2,,0.0187,水。出齊郡厲嬀山，東北入鉅定。从水蜀聲。,
辯,biàn,,,辯,exact,辡,compound,,言 (yán = ) + 在 (zài = place in) + 辡 (? = not yet glossed) + 之 (zhī = it) + 閒 (? = not yet glossed),,3,,0.0187,治也。从言在辡之閒。,
交,jiāo,,,交,exact,交,compound,,大 (dà = ),,2,,0.0185,交脛也。从大，象交形。凡交之屬皆从交。,
制,zhì,System/Administrator,,制,exact,刀,compound,,刀 (dāo = a knife) + 未 (wèi = ),,2,,0.0185,裁也。从刀从未。未，物成有滋味，可裁斷。一曰止也。,
哀,āi,grief,,哀,exact,口,phonetic-compound,,口 (kǒu = mouths),衣 (Yī = not yet glossed),2,,0.0185,閔也。从口衣聲。,
孤,gū,,,孤,exact,子,phonetic-compound,,子 (zǐ = not yet glossed),瓜 (? = not yet glossed),2,,0.0185,無父也。从子瓜聲。,
張,zhāng,,,張,exact,弓,phonetic-compound,,弓 (gōng = not yet glossed),長 (cháng = ),2,,0.0185,施弓弦也。从弓長聲。,
戶,hù,doors,,戶,exact,戶,pictograph,,,,2,,0.0185,護也。半門曰戶。象形。凡戶之屬皆从戶。,
扔,rēng,,,扔,exact,手,phonetic-compound,,手 (shǒu = not yet glossed),乃 (nǎi = leads to),2,,0.0185,因也。从手乃聲。,
數,shù,,,數,exact,攴,phonetic-compound,,攴 (pū = a hand striking — action done to something),婁 (? = not yet glossed),2,,0.0185,計也。从攴婁聲。,
淡,dàn,,,淡,exact,水,phonetic-compound,,水 (shuǐ = water),炎 (? = not yet glossed),2,,0.0185,薄味也。从水炎聲。,
牖,yǒu,windows,,牖,exact,片,compound,,片 (? = not yet glossed),,2,,0.0185,穿壁以木爲交窻也。从片、戶、甫。譚長以爲：甫上日也，非戶也。牖，所以見日。,
甲,jiǎ,,,甲,exact,甲,compound,,木 (mù = not yet glossed) + 戴 (? = not yet glossed) + 孚 (? = not yet glossed) + 甲 (jiǎ = not yet glossed) + 之 (zhī = it) + 象 (xiàng = ),,2,,0.0185,東方之孟，陽气萌動，从木戴孚甲之象。一曰人頭宐爲甲，甲象人頭。凡甲之屬皆从甲。,
臣,chén,,,臣,exact,臣,pictograph,,,,2,,0.0185,牽也。事君也。象屈服之形。凡臣之屬皆从臣。,
首,shǒu,head/front,,首,exact,首,pictograph,,,,2,,0.0185,𦣻同。古文𦣻也。巛象髪，謂之鬊，鬊卽巛也。凡𩠐之屬皆从𩠐。,
寵,Chǒng,,,寵,exact,宀,phonetic-compound,,宀 (mián = a roof; under a house),龍 (? = not yet glossed),4,,0.0181,尊居也。从宀龍聲。,
察,chá,,,察,exact,宀,compound,,宀 (mián = a roof; under a house),,4,,0.0179,覆也。从宀、祭。,
悶,mèn,,,悶,exact,心,phonetic-compound,,心 (xīn = heart),門 (mén = ),4,,0.0179,懣也。从心門聲。,
代,dài,,,代,exact,人,phonetic-compound,,人 (rén = ),弋 (yì = a stake; a tethered arrow),3,,0.0178,更也。从人弋聲。,
滋,zī,,,滋,exact,水,phonetic-compound,,水 (shuǐ = water),兹 (? = not yet glossed),3,,0.0178,益也。从水兹聲。一曰滋水，出牛飲山白陘谷，東入呼沱。,
二,èr,,,二,exact,二,compound,,偶 (? = not yet glossed) + 一 (yī = the one (lowercase) · one thing (ch 22) · plain numeral where it counts),,3,,0.0176,地之數也。从偶一。凡二之屬皆从二。,
俗,Sú,,,俗,exact,人,phonetic-compound,,人 (rén = ),谷 (Gǔ = ),3,,0.0176,習也。从人谷聲。,
克,kè,,,克,exact,克,pictograph,,,,2,,0.0176,肩也。象屋下刻木之形。凡克之屬皆从克。,
奉,fèng,,,奉,exact,𠬞,phonetic-compound,,手 (shǒu = not yet glossed) + 廾 (gǒng = two hands raised together),𡴀 (? = not yet glossed),2,,0.0176,承也。从手从廾，𡴀聲。,
徐,xú,slowly,,徐,exact,彳,phonetic-compound,,彳 (chì = a step taken; going),"余 (yú = a shelter; and, borrowed, 'I')",2,,0.0176,安行也。从彳余聲。,
政,zhèng,in governing,,政,exact,攴,phonetic-compound,,攴 (pū = a hand striking — action done to something) + 正 (zhèng = not yet glossed),正 (zhèng = not yet glossed),3,,0.0176,正也。从攴从正，正亦聲。,
缺,quē,,,缺,exact,缶,phonetic-compound,,缶 (fǒu = an earthenware jar),決 (? = not yet glossed),3,,0.0176,器破也。从缶，決省聲。,
虎,hǔ,,,虎,exact,虎,compound,,虍 (? = not yet glossed),,2,,0.0176,山獸之君。从虍，虎足象人足。象形。凡虎之屬皆从虎。,
來,lái,,,來,exact,來,pictograph,,,,2,,0.0174,周所受瑞麥來麰。一來二縫，象芒朿之形。天所來也，故爲行來之來。《詩》曰：“詒我來麰。”凡來之屬皆从來。,
宗,zōng,,,宗,exact,宀,compound,,宀 (mián = a roof; under a house) + 示 (shì = not yet glossed),,2,,0.0174,尊祖廟也。从宀从示。,
屈,qū,,,屈,exact,尾,phonetic-compound,,尾 (wěi = a tail),出 (chū = emerge),2,,0.0174,無尾也。从尾出聲。,
攘,rǎng,,,攘,exact,手,phonetic-compound,,手 (shǒu = not yet glossed),襄 (? = not yet glossed),2,,0.0174,推也。从手襄聲。,
昧,mèi,dark/obscure,,昧,exact,日,phonetic-compound,,日 (rì = day),未 (wèi = ),2,,0.0174,爽，旦明也。从日未聲。一曰闇也。,
發,fā,,,發,exact,弓,phonetic-compound,,弓 (gōng = not yet glossed),癹 (? = not yet glossed),2,,0.0174,䠶發也。从弓癹聲。,
臂,bì,,,臂,exact,肉,phonetic-compound,,肉 (ròu = flesh),辟 (? = not yet glossed),2,,0.0174,手上也。从肉辟聲。,
臺,tái,,,臺,exact,至,compound,,至 (zhì = not yet glossed) + 之 (zhī = it) + 高 (gāo = not yet glossed),,2,,0.0174,觀，四方而高者。从至从之，从高省。與室屋同意。,
起,qǐ,,,起,exact,走,phonetic-compound,,走 (zǒu = not yet glossed),巳 (sì = a curled form — the sixth earthly branch),2,,0.0174,能立也。从走巳聲。,
捨,shě,,,捨,exact,手,phonetic-compound,,手 (shǒu = not yet glossed),舍 (? = not yet glossed),3,,0.0167,釋也。从手舍聲。,
契,qì,,,契,exact,大,compound,,大 (dà = ) + 㓞 (? = not yet glossed),,2,,0.0165,大約也。从大从㓞。《易》曰：“後代聖人易之以書契。”,
歙,xì,,,歙,exact,欠,phonetic-compound,,"欠 (qiàn = a person with the mouth open — breath, wanting)",翕 (? = not yet glossed),3,,0.0165,縮鼻也。从欠翕聲。丹陽有歙縣。,
甫,fǔ,origin/father,,甫,exact,用,phonetic-compound,,用 (yòng = use),父 (fù = not yet glossed),2,,0.0165,男子美稱也。从用、父，父亦聲。,
剛,gāng,,,剛,exact,刀,phonetic-compound,,刀 (dāo = a knife),岡 (? = not yet glossed),2,,0.0163,彊斷也。从刀岡聲。,
廢,fèi,abandoned/abolished,,廢,exact,广,phonetic-compound,,广 (yǎn = a shelter built against a bank),發 (fā = not yet glossed),2,,0.0163,屋頓也。从广發聲。,
忠,zhōng,loyalty,loyalty,忠,exact,心,phonetic-compound,,心 (xīn = heart),中 (zhōng = not yet glossed),2,locked,0.0163,敬也。从心中聲。,
搏,Bó,Grasping/reaching for,,搏,exact,手,phonetic-compound,,手 (shǒu = not yet glossed),尃 (? = not yet glossed),2,,0.0163,索持也。一曰至也。从手尃聲。,
榮,róng,,,榮,exact,木,phonetic-compound,,木 (mù = not yet glossed),熒 (? = not yet glossed),2,,0.0163,桐木也。从木，熒省聲。一曰屋梠之兩頭起者爲榮。,
毒,dú,,,毒,exact,屮,compound,徒沃切,屮 (? = not yet glossed) + 毐 (? = not yet glossed),,2,,0.0163,厚也。害人之艸，往往而生。从屮从毐。,
甘,gān,,,甘,exact,甘,compound,,口 (kǒu = mouths) + 含 (Hán = not yet glossed) + 一 (yī = the one (lowercase) · one thing (ch 22) · plain numeral where it counts),,2,,0.0163,美也。从口含一。一，道也。凡甘之屬皆从甘。,
疏,shū,,,疏,exact,𠫓,phonetic-compound,,𡿮 (? = not yet glossed) + 疋 (? = not yet glossed),疋 (? = not yet glossed),2,,0.0163,通也。从𡿮从疋，疋亦聲。,
輜,zī,,,輜,exact,車,phonetic-compound,,車 (chē = not yet glossed),甾 (? = not yet glossed),1,,0.0163,軿車前，衣車後也。从車甾聲。,
迷,mí,confused/lost,,迷,exact,辵,phonetic-compound,,"辵 (chuò = walking, going along a road)",米 (mǐ = grains of rice),2,,0.0163,或也。从辵米聲。,
遂,suì,,,遂,exact,辵,phonetic-compound,,"辵 (chuò = walking, going along a road)",㒸 (? = not yet glossed),2,,0.0163,亾也。从辵㒸聲。,
除,chú,clearing,,除,exact,𨸏,phonetic-compound,,𨸏 (? = not yet glossed),"余 (yú = a shelter; and, borrowed, 'I')",2,,0.0163,殿陛也。从𨸏余聲。,
雌,cí,,,雌,exact,隹,phonetic-compound,,隹 (zhuī = a short-tailed bird),此 (Cǐ = this),2,,0.0163,鳥母也。从隹此聲。,
驕,jiāo,,,驕,exact,馬,phonetic-compound,,馬 (mǎ = not yet glossed),喬 (? = not yet glossed),2,,0.0163,馬高六尺爲驕。从馬喬聲。《詩》曰：“我馬唯驕。”一曰野馬。,
勿,wù,do not,,勿,exact,勿,pictograph,,,,4,,0.0159,州里所建旗。象其柄，有三游。雜帛，幅半異。所以趣民，故遽，稱勿勿。凡勿之屬皆从勿。,
儉,jiǎn,,,儉,exact,人,phonetic-compound,,人 (rén = ),僉 (? = not yet glossed),3,,0.0157,約也。从人僉聲。,
兌,duì,,,兌,exact,-{儿}-,unanalysed,,,,3,,0.0154,說也。从-{儿}-㕣聲。,
室,shì,,,室,exact,宀,compound,,宀 (mián = a roof; under a house) + 至 (zhì = not yet glossed),,2,,0.0154,實也。从宀从至。至，所止也。,
己,jǐ,,,己,exact,己,pictograph,,,,2,,0.0154,中宮也。象萬物辟藏詘形也。己承戊，象人腹。凡己之屬皆从己。,
補,bǔ,,,補,exact,衣,phonetic-compound,,衣 (Yī = not yet glossed),甫 (fǔ = origin/father),2,,0.0154,完衣也。从衣甫聲。,
孝,xiào,devotion,devotion,孝,exact,老,compound,,老 (lǎo = age/decay) + 子 (zǐ = not yet glossed),,2,locked,0.0152,善事父母者。从老省，从子。子承老也。,
聽,Tīng,Listening to,,聽,exact,耳,phonetic-compound,,耳 (ěr = ears),壬 (? = not yet glossed),2,,0.0152,聆也。从耳、㥁，壬聲。,
襲,xí,inheriting/wearing,,襲,exact,衣,phonetic-compound,,衣 (Yī = not yet glossed),龖 (? = not yet glossed),2,,0.0152,左衽袍。从衣，龖省聲。,
曲,Qū,bend / bent,bend / bent,曲,exact,曲,pictograph,,,,2,locked,0.0143,象器曲受物之形。或說曲，蠶薄也。凡曲之屬皆从曲。,
狗,gǒu,,,狗,exact,犬,phonetic-compound,,犬 (quǎn = not yet glossed),句 (? = not yet glossed),2,,0.0143,孔子曰：“狗，叩也。叩气吠以守。”从犬句聲。,
稽,jī,,,稽,exact,稽,phonetic-compound,,𥝌 (? = not yet glossed) + 尤 (yóu = blame/fault),旨 (? = not yet glossed),2,,0.0143,畱止也。从𥝌从尤，旨聲。凡稽之屬皆从稽。,
笑,xiào,,,笑,exact,竹,unanalysed,,,,2,,0.0143,此字本闕。,
芻,chú,,,芻,exact,艸,pictograph,,,,2,,0.0143,刈艸也。象包束艸之形。,
什,shí,,,什,exact,人,compound,,人 (rén = ),,1,,0.0141,相什保也。从人、十。,
伯,bǎi,,,伯,exact,人,phonetic-compound,,人 (rén = ),白 (bái = white/light),1,,0.0141,長也。从人白聲。,
又,yòu,,,又,exact,又,pictograph,,,,2,,0.0141,手也。象形。三指者，手之𠛱多略不過三也。凡又之屬皆从又。,
壯,zhuàng,reaching peak strength,,壯,exact,士,phonetic-compound,側亮切,士 (shì = scholars/officers),爿 (? = not yet glossed),2,,0.0141,大也。从士爿聲。,
宰,zǎi,but not dominating/ruling,,宰,exact,宀,compound,,宀 (mián = a roof; under a house) + 辛 (? = not yet glossed),,2,,0.0141,辠人在屋下執事者。从宀从辛。辛，辠也。,
實,shí,,,實,exact,宀,compound,,宀 (mián = a roof; under a house) + 貫 (? = not yet glossed),,2,,0.0141,富也。从宀从貫。貫，貨貝也。,
懷,huái,,,懷,exact,心,phonetic-compound,,心 (xīn = heart),褱 (? = not yet glossed),1,,0.0141,念思也。从心褱聲。,
推,tuī,,,推,exact,手,phonetic-compound,,手 (shǒu = not yet glossed),隹 (zhuī = a short-tailed bird),1,,0.0141,排也。从手隹聲。,
攻,gōng,,,攻,exact,攴,phonetic-compound,,攴 (pū = a hand striking — action done to something),"工 (gōng = a carpenter's square — work, craft)",1,,0.0141,擊也。从攴工聲。,
楗,jiàn,,,楗,exact,木,phonetic-compound,,木 (mù = not yet glossed),建 (jiàn = not yet glossed),1,,0.0141,限門也。从木建聲。,
没,Mò,,,沒,orthographic,水,compound,,水 (shuǐ = water) + 𠬸 (? = not yet glossed),,2,,0.0141,沈也。从水从𠬸。,
示,shì,,,示,exact,示,compound,,𠄞 (? = not yet glossed),,1,,0.0141,天垂象，見吉凶，所以示人也。从𠄞，,
約,yuē,,,約,exact,糸,phonetic-compound,,糸 (mì = silk thread),勺 (? = not yet glossed),1,,0.0141,纏束也。从糸勺聲。,
草,cǎo,,,草,exact,艸,phonetic-compound,,"艸 (cǎo = grass, growing plants)",早 (zǎo = not yet glossed),1,,0.0141,草斗，櫟實也。一曰象斗子。从艸早聲。,
褐,hè,,,褐,exact,衣,phonetic-compound,,衣 (Yī = not yet glossed),曷 (? = not yet glossed),1,,0.0141,編枲韤。一曰粗衣。从衣曷聲。,
貞,zhēn,,,貞,exact,卜,compound,,卜 (? = not yet glossed),,1,,0.0141,卜問也。从卜，貝以爲贄。一曰鼎省聲。京房所說。,
辭,cí,,,辭,exact,辛,compound,,𤔔 (? = not yet glossed),,1,,0.0141,訟也。从𤔔，𤔔猶理辜也。𤔔，理也。,
關,guān,,,關,exact,門,phonetic-compound,,門 (mén = ),𢇅 (? = not yet glossed),1,,0.0141,以木橫持門戶也。从門𢇅聲。,
惟,wéi,,,惟,exact,心,phonetic-compound,,心 (xīn = heart),隹 (zhuī = a short-tailed bird),3,,0.0135,凡思也。从心隹聲。,
邦,bāng,,,邦,exact,邑,phonetic-compound,,"邑 (yì = a settlement, a town)",丰 (? = not yet glossed),3,,0.0135,國也。从邑丰聲。,
匠,jiàng,,,匠,exact,匚,compound,,匚 (? = not yet glossed) + 斤 (jīn = an axe),,2,,0.0133,木工也。从匚从斤。斤，所以作器也。,
威,wēi,,,威,exact,女,compound,,女 (nǚ = a woman) + 戌 (? = not yet glossed),,2,,0.0133,姑也。从女从戌。漢律曰：“婦告威姑。”,
斫,zhuó,,,斫,exact,斤,phonetic-compound,,斤 (jīn = an axe),石 (shí = not yet glossed),2,,0.0133,擊也。从斤石聲。,
薄,bó,,,薄,exact,艸,phonetic-compound,,"艸 (cǎo = grass, growing plants)",溥 (? = not yet glossed),2,,0.0133,林薄也。一曰蠶薄。从艸溥聲。,
資,zī,raw material/resource,,資,exact,貝,phonetic-compound,,"貝 (bèi = a cowrie shell — money, worth)",次 (cì = not yet glossed),2,,0.0133,貨也。从貝次聲。,
丈,zhàng,,,丈,exact,十,compound,,又 (yòu = not yet glossed) + 持 (Chí = Holding/grasping) + 十 (shí = not yet glossed),,1,,0.013,十尺也。从又持十。,
兼,jiān,,,兼,exact,秝,compound,,又 (yòu = not yet glossed) + 持 (Chí = Holding/grasping) + 秝 (? = not yet glossed),,1,,0.013,并也。从又持秝。兼持二禾，秉持一禾。,
冰,bīng,ice,,冰,exact,仌,compound,,仌 (bīng = ice) + 水 (shuǐ = water),,1,,0.013,水堅也。从仌从水。,
塞,Sè,,,塞,exact,土,compound,,土 (tǔ = not yet glossed) + 𡨄 (? = not yet glossed),,2,,0.013,隔也。从土从𡨄。,
拱,gǒng,,,拱,exact,手,phonetic-compound,,手 (shǒu = not yet glossed),共 (gòng = share/unite),1,,0.013,斂手也。从手共聲。,
渙,Huàn,Yielding/melting,,渙,exact,水,phonetic-compound,,水 (shuǐ = water),奐 (? = not yet glossed),1,,0.013,流𢿱也。从水奐聲。,
璧,bì,,,璧,exact,玉,phonetic-compound,比激切,玉 (yù = jade),辟 (? = not yet glossed),1,,0.013,瑞玉圜也。从玉，辟聲。,
紛,fēn,,,紛,exact,糸,phonetic-compound,,糸 (mì = silk thread),分 (? = not yet glossed),2,,0.013,馬尾韜也。从糸分聲。,
衣,Yī,,,衣,exact,衣,pictograph,,,,1,,0.013,依也。上曰衣，下曰裳。象覆二人之形。凡衣之屬皆从衣。,
釋,shì,melt/thaw,,釋,exact,釆,phonetic-compound,,釆 (? = not yet glossed),睪 (? = not yet glossed),1,,0.013,解也。从釆；釆，取其分別物也。从睪聲。,
駟,sì,,,駟,exact,馬,phonetic-compound,,馬 (mǎ = not yet glossed),四 (sì = four),1,,0.013,一乘也。从馬四聲。,
肖,xiào,,,肖,exact,肉,phonetic-compound,,肉 (ròu = flesh),小 (xiǎo = small),3,,0.0124,骨肉相似也。从肉小聲。不似其先，故曰“不肖”也。,
受,shòu,,,受,exact,𠬪,phonetic-compound,,𠬪 (? = not yet glossed),舟 (zhōu = not yet glossed),2,,0.0122,相付也。从𠬪，舟省聲。,
寧,níng,,,寧,exact,丂,phonetic-compound,,丂 (? = not yet glossed),寍 (? = not yet glossed),2,,0.0122,願詞也。从丂寍聲。,
華,huá,,,華,exact,華,compound,,"艸 (cǎo = grass, growing plants) + 𠌶 (? = not yet glossed)",,2,,0.0122,榮也。从艸从𠌶。凡華之屬皆从華。,
穀,gǔ,,,穀,exact,禾,phonetic-compound,,禾 (hé = standing grain),𣪊 (? = not yet glossed),2,,0.012,續也。百穀之緫名。从禾𣪊聲。,
均,jūn,equalize/harmonize,,均,exact,土,phonetic-compound,,土 (tǔ = not yet glossed) + 勻 (? = not yet glossed),勻 (? = not yet glossed),1,,0.0119,平徧也。从土从勻，勻亦聲。,
孫,sūn,,,孫,exact,系,compound,,"子 (zǐ = not yet glossed) + 系 (xì = to tie, to connect)",,1,,0.0119,子之子曰孫。从子从系。系，續也。,
手,shǒu,,,手,exact,手,pictograph,,,,1,,0.0119,拳也。象形。凡手之屬皆从手。,
握,wò,,,握,exact,手,phonetic-compound,,手 (shǒu = not yet glossed),屋 (? = not yet glossed),1,,0.0119,搤持也。从手屋聲。,
梁,liáng,,,梁,exact,木,phonetic-compound,,木 (mù = not yet glossed) + 水 (shuǐ = water),刅 (? = not yet glossed),1,,0.0119,水橋也。从木从水，刅聲。,
注,zhù,,,注,exact,水,phonetic-compound,,水 (shuǐ = water),主 (zhǔ = ),1,,0.0119,灌也。从水主聲。,
祀,sì,,,祀,exact,示,phonetic-compound,詳里切,示 (shì = not yet glossed),巳 (sì = a curled form — the sixth earthly branch),1,,0.0119,祭無已也。从示，巳聲。,
祭,jì,,,祭,exact,示,compound,子例切,示 (shì = not yet glossed),,1,,0.0119,祭祀也。从示，以手持肉。,
稅,shuì,,,稅,exact,禾,phonetic-compound,,禾 (hé = standing grain),兌 (duì = not yet glossed),1,,0.0119,租也。从禾兌聲。,
筋,jīn,,,筋,exact,筋,compound,,力 (lì = force) + 肉 (ròu = flesh) + 竹 (zhú = bamboo),,1,,0.0119,肉之力也。从力从肉从竹。竹，物之多筋者。凡筋之屬皆从筋。,
蔽,bì,worn out/concealed,,蔽,exact,艸,phonetic-compound,,"艸 (cǎo = grass, growing plants)",敝 (Bì = Worn out/old),1,,0.0119,蔽蔽，小艸也。从艸敝聲。,
詰,jié,,,詰,exact,言,phonetic-compound,,言 (yán = ),吉 (Jí = not yet glossed),1,,0.0119,問也。从言吉聲。,
負,fù,,,負,exact,貝,compound,,"人 (rén = ) + 守 (shǒu = ) + 貝 (bèi = a cowrie shell — money, worth)",,1,,0.0119,恃也。从人守貝，有所恃也。一曰受貸不償。,
費,fèi,,,費,exact,貝,phonetic-compound,,"貝 (bèi = a cowrie shell — money, worth)",弗 (fú = not yet glossed),1,,0.0119,𢿱財用也。从貝弗聲。,
輔,fǔ,,,輔,exact,車,phonetic-compound,,車 (chē = not yet glossed),甫 (fǔ = origin/father),1,,0.0119,人頰車也。从車甫聲。,
輟,chuò,,,輟,exact,車,phonetic-compound,,車 (chē = not yet glossed),叕 (? = not yet glossed),1,,0.0119,車小缺復合者。从車叕聲。,
陰,yīn,,,陰,exact,𨸏,phonetic-compound,,𨸏 (? = not yet glossed),侌 (? = not yet glossed),1,,0.0119,闇也。水之南、山之北也。从𨸏侌聲。,
陽,yáng,,,陽,exact,𨸏,phonetic-compound,,𨸏 (? = not yet glossed),昜 (? = not yet glossed),1,,0.0119,高、明也。从𨸏昜聲。,
嗇,sè,,,嗇,exact,嗇,compound,,來 (lái = not yet glossed) + 㐭 (? = not yet glossed),,2,,0.0111,愛瀒也。从來从㐭。來者，㐭而藏之。故田夫謂之嗇夫。凡嗇之屬皆从嗇。,
斯,sī,,,斯,exact,斤,phonetic-compound,,斤 (jīn = an axe),其 (qí = ),2,,0.0111,析也。从斤其聲。《詩》曰：“斧以斯之。”,
飢,jī,,,飢,exact,食,phonetic-compound,,食 (shí = ),"几 (jī = a low table, a stool)",2,,0.0111,餓也。从食几聲。,
鬼,guǐ,,,鬼,exact,鬼,compound,,人 (rén = ) + 厶 (sī = enclosing for oneself — the private),,2,,0.0111,人所歸爲鬼。从人，象鬼頭。鬼陰气賊害，从厶。凡鬼之屬皆从鬼。,
介,jiè,,,介,exact,八,compound,,"八 (bā = eight; to divide, to part) + 人 (rén = )",,1,,0.0108,畫也。从八从人。人各有介。,
伏,fú,,,伏,exact,人,compound,,人 (rén = ) + 犬 (quǎn = not yet glossed),,1,,0.0108,司也。从人从犬。,
倚,yǐ,,,倚,exact,人,phonetic-compound,,人 (rén = ),奇 (jī = not yet glossed),1,,0.0108,依也。从人奇聲。,
共,gòng,share/unite,,共,exact,共,compound,,廿 (? = not yet glossed),,1,,0.0108,同也。从廿、廾。凡共之屬皆从共。,
冬,dōng,,,冬,exact,仌,compound,,仌 (bīng = ice) + 夂 (? = not yet glossed),,1,,0.0108,四時盡也。从仌从夂。夂，古文終字。,
刃,rèn,,,刃,exact,刃,pictograph,,,,1,,0.0108,刀堅也。象刀有刃之形。凡刃之屬皆从刃。,
加,jiā,,,加,exact,力,compound,,力 (lì = force) + 口 (kǒu = mouths),,1,,0.0108,語相增加也。从力从口。,
坐,zuò,,,坐,exact,土,compound,,土 (tǔ = not yet glossed) + 畱 (? = not yet glossed),,1,,0.0108,止也。从土，从畱省。土，所止也。此與畱同意。,
壽,shòu,has true longevity,,壽,exact,老,phonetic-compound,,老 (lǎo = age/decay),𠷎 (? = not yet glossed),1,,0.0108,久也。从老省，𠷎聲。,
奧,ào,,,奧,exact,宀,phonetic-compound,,宀 (mián = a roof; under a house),𢍏 (? = not yet glossed),1,,0.0108,宛也。室之西南隅。从宀𢍏聲。,
市,shì,,,市,exact,冂,phonetic-compound,,"冂 (jiōng = the far borders, open country) + 乁 (? = not yet glossed)",之 (zhī = it),1,,0.0108,買賣所之也。市有垣，从冂从乁，乁，古文及，象物相及也。之省聲。,
懼,jù,,,懼,exact,心,phonetic-compound,,心 (xīn = heart),瞿 (? = not yet glossed),1,,0.0108,恐也。从心瞿聲。,
投,tóu,,,投,exact,手,compound,,手 (shǒu = not yet glossed) + 殳 (? = not yet glossed),,1,,0.0108,擿也。从手从殳。,
攝,shè,,,攝,exact,手,phonetic-compound,,手 (shǒu = not yet glossed),聶 (? = not yet glossed),1,,0.0108,引持也。从手聶聲。,
柢,dǐ,,,柢,exact,木,phonetic-compound,,木 (mù = not yet glossed),氐 (? = not yet glossed),1,,0.0108,木根也。从木氐聲。,
活,huó,,,活,exact,水,phonetic-compound,,水 (shuǐ = water),𠯑 (? = not yet glossed),1,,0.0108,水流聲。从水𠯑聲。,
渾,hún,,,渾,exact,水,phonetic-compound,,水 (shuǐ = water),軍 (jūn = army/campaign),1,,0.0108,混流聲也。从水軍聲。一曰洿下皃。,
爪,zhǎo,,,爪,exact,爪,pictograph,,,,1,,0.0108,丮也。覆手曰爪。象形。凡爪之屬皆从爪。,
父,fù,,,父,exact,又,compound,,又 (yòu = not yet glossed) + 舉 (jǔ = not yet glossed) + 杖 (? = not yet glossed),,1,,0.0108,矩也。家長率教者。从又舉杖。,
爽,shuǎng,dull/spoiled,,爽,exact,㸚,compound,,㸚 (? = not yet glossed) + 大 (dà = ),,1,,0.0108,明也。从㸚从大。,
犬,quǎn,,,犬,exact,犬,pictograph,,,,1,,0.0108,狗之有縣蹏者也。象形。孔子曰：“視犬之字如畫狗也。”凡犬之屬皆从犬。,
盲,máng,blind,,盲,exact,目,phonetic-compound,,目 (mù = eyes),亡 (wáng = perish),1,,0.0108,目無牟子。从目亡聲。,
稱,chēng,,,稱,exact,禾,phonetic-compound,,禾 (hé = standing grain),爯 (? = not yet glossed),1,,0.0108,銓也。从禾爯聲。春分而禾生。日夏至，晷景可度。禾有秒，秋分而秒定。律數：十二秒而當一分，十分而寸。其以爲重：十二粟爲一分，十二分爲一銖。故諸程品皆从禾。,
策,cè,,,策,exact,竹,phonetic-compound,,竹 (zhú = bamboo),朿 (cì = a thorn),1,,0.0108,馬箠也。从竹朿聲。,
籌,chóu,,,籌,exact,竹,phonetic-compound,,竹 (zhú = bamboo),壽 (shòu = has true longevity),1,,0.0108,壺矢也。从竹壽聲。,
聾,lóng,deaf,,聾,exact,耳,phonetic-compound,,耳 (ěr = ears),龍 (? = not yet glossed),1,,0.0108,無聞也。从耳龍聲。,
色,sè,colors,,色,exact,色,compound,,人 (rén = ) + 卪 (? = not yet glossed),,1,,0.0108,顔气也。从人从卪。凡色之屬皆从色。,
號,háo,,,號,exact,号,compound,,号 (? = not yet glossed) + 虎 (hǔ = not yet glossed),,1,,0.0108,呼也。从号从虎。,
角,jiǎo,,,角,exact,角,pictograph,,,,1,,0.0108,獸角也。象形，角與刀、魚相似。凡角之屬皆从角。,
計,jì,calculating/planning,,計,exact,言,compound,,言 (yán = ) + 十 (shí = not yet glossed),,1,,0.0108,會也。筭也。从言从十。,
誰,shuí,,,誰,exact,言,phonetic-compound,,言 (yán = ),隹 (zhuī = a short-tailed bird),1,,0.0108,何也。从言隹聲。,
諾,nuò,,,諾,exact,言,phonetic-compound,,言 (yán = ),若 (ruò = ),1,,0.0108,𧭭也。从言若聲。,
譬,Pì,compare,,譬,exact,言,phonetic-compound,,言 (yán = ),辟 (? = not yet glossed),1,,0.0108,諭也。从言辟聲。,
豫,Yù,Hesitant/careful,,豫,exact,象,phonetic-compound,,象 (xiàng = ),予 (? = not yet glossed),1,,0.0108,象之大者。賈侍中說：不害於物。从象予聲。,
輻,fú,spokes,,輻,exact,車,phonetic-compound,,車 (chē = not yet glossed),畐 (? = not yet glossed),1,,0.0108,輪轑也。从車畐聲。,
轂,gǔ,hub,,轂,exact,車,phonetic-compound,,車 (chē = not yet glossed),𣪊 (? = not yet glossed),1,,0.0108,輻所凑也。从車𣪊聲。,
迎,Yíng,Meeting/welcoming,,迎,exact,辵,phonetic-compound,,"辵 (chuò = walking, going along a road)",卬 (? = not yet glossed),1,,0.0108,逢也。从辵卬聲。,
遇,yù,,,遇,exact,辵,phonetic-compound,,"辵 (chuò = walking, going along a road)",禺 (? = not yet glossed),1,,0.0108,逢也。从辵禺聲。,
鄙,bǐ,rustic/uncouth,,鄙,exact,邑,phonetic-compound,,"邑 (yì = a settlement, a town)",啚 (? = not yet glossed),1,,0.0108,五酇爲鄙。从邑啚聲。,
鄰,lín,,,鄰,exact,邑,phonetic-compound,,"邑 (yì = a settlement, a town)",粦 (? = not yet glossed),1,,0.0108,五家爲鄰。从邑粦聲。,
鑿,Záo,Chiseling/cutting,,鑿,exact,金,phonetic-compound,,金 (Jīn = Gold),𥽿 (? = not yet glossed),1,,0.0108,穿木也。从金，𥽿省聲。,
陸,Lù,,,陸,exact,𨸏,phonetic-compound,,𨸏 (? = not yet glossed) + 坴 (? = not yet glossed),坴 (? = not yet glossed),1,,0.0108,高平地。从𨸏从坴，坴亦聲。,
雞,jī,,,雞,exact,隹,phonetic-compound,,隹 (zhuī = a short-tailed bird),奚 (? = not yet glossed),1,,0.0108,知時畜也。从隹奚聲。,
順,shùn,,,順,exact,頁,compound,,頁 (yè = a head) + 巛 (? = not yet glossed),,1,,0.0108,理也。从頁从巛。,
頑,wán,am stubborn,,頑,exact,頁,phonetic-compound,,頁 (yè = a head),元 (? = not yet glossed),1,,0.0108,㮯頭也。从頁元聲。,
風,fēng,,,風,exact,風,phonetic-compound,,"虫 (chóng = an insect, a crawling creature)",凡 (? = not yet glossed),1,,0.0108,八風也。東方曰明庶風，東南曰清明風，南方曰景風，西南曰涼風，西方曰閶闔風，西北曰不周風，北方曰廣莫風，東北曰融風。風動蟲生。故蟲八日而化。从虫凡聲。凡風之屬皆从風。,
飄,piāo,,,飄,exact,風,phonetic-compound,,風 (fēng = not yet glossed),㶾 (? = not yet glossed),1,,0.0108,回風也。从風㶾聲。,
魚,Yú,,,魚,exact,魚,pictograph,,,,1,,0.0108,水蟲也。象形。魚尾與燕尾相似。凡魚之屬皆从魚。,
當,dāng,just at,,當,exact,田,phonetic-compound,,田 (tián = not yet glossed),尚 (shàng = still),3,,0.0102,田相值也。从田尚聲。,
博,bó,,,博,exact,十,compound,,十 (shí = not yet glossed) + 尃 (? = not yet glossed),,2,,0.01,大通也。从十从尃。尃，布也。,
谿,xī,,,谿,exact,谷,phonetic-compound,,谷 (Gǔ = ),奚 (? = not yet glossed),2,,0.01,山瀆無所通者。从谷奚聲。,
逝,shì,,,逝,exact,辵,phonetic-compound,,"辵 (chuò = walking, going along a road)",折 (zhé = not yet glossed),2,,0.01,往也。从辵折聲。讀若誓。,
偏,Piān,,,偏,exact,人,phonetic-compound,,人 (rén = ),扁 (? = not yet glossed),1,,0.0098,頗也。从人扁聲。,
儼,Yǎn,Reserved/dignified,,儼,exact,人,phonetic-compound,,人 (rén = ),嚴 (? = not yet glossed),1,,0.0098,昂頭也。从人嚴聲。一曰好皃。,
卻,què,,,卻,exact,卩,phonetic-compound,,卪 (? = not yet glossed),谷 (Gǔ = ),1,,0.0098,節欲也。从卪谷聲。,
召,zhào,,,召,exact,口,phonetic-compound,,口 (kǒu = mouths),刀 (dāo = a knife),1,,0.0098,𧦝也。从口刀聲。,
周,Zhōu,Circulating/everywhere,,周,exact,口,compound,,用 (yòng = use),,1,,0.0098,密也。从用、口。,
圖,Tú,,,圖,exact,囗,compound,,"囗 (wéi = an enclosure, a boundary) + 啚 (? = not yet glossed)",,1,,0.0098,畫計難也。从囗从啚。啚，難意也。,
埏,Yán,Kneading,,埏,exact,土,phonetic-compound,,土 (tǔ = not yet glossed),延 (? = not yet glossed),1,,0.0098,八方之地也。从土延聲。,
埴,zhí,clay,,埴,exact,土,phonetic-compound,,土 (tǔ = not yet glossed),直 (zhí = straight),1,,0.0098,黏土也。从土直聲。,
基,jī,,,基,exact,土,phonetic-compound,,土 (tǔ = not yet glossed),其 (qí = ),1,,0.0098,牆始也。从土其聲。,
外,wài,puts outside,,外,exact,夕,unanalysed,,,,1,,0.0098,遠也。卜尚平旦，今夕卜，於事外矣。,
字,zì,style/character,,字,exact,子,phonetic-compound,,子 (zǐ = not yet glossed) + 在 (zài = place in) + 宀 (mián = a roof; under a house) + 下 (xià = ),子 (zǐ = not yet glossed),1,,0.0098,乳也。从子在宀下，子亦聲。,
寄,jì,entrusted,,寄,exact,宀,phonetic-compound,,宀 (mián = a roof; under a house),奇 (jī = not yet glossed),1,,0.0098,託也。从宀奇聲。,
屬,shǔ,,,屬,exact,尾,phonetic-compound,,尾 (wěi = a tail),蜀 (shǔ = a caterpillar),1,,0.0098,連也。从尾蜀聲。,
弓,gōng,,,弓,exact,弓,pictograph,,,,1,,0.0098,以近窮遠。象形。古者揮作弓。《周禮》六弓：王弓、弧弓以射甲革甚質；夾弓、庾弓以射干矦鳥獸；唐弓、大弓以授學射者。凡弓之屬皆从弓。,
御,yù,manage/control,,御,exact,彳,compound,,彳 (chì = a step taken; going) + 卸 (? = not yet glossed),,1,,0.0098,使馬也。从彳从卸。,
忌,jì,,,忌,exact,心,phonetic-compound,,心 (xīn = heart),己 (jǐ = not yet glossed),1,,0.0098,憎惡也。从心己聲。,
悠,Yōu,Distant/careful,,悠,exact,心,phonetic-compound,,心 (xīn = heart),攸 (? = not yet glossed),1,,0.0098,憂也。从心攸聲。,
悲,bēi,sorrow,,悲,exact,心,phonetic-compound,,心 (xīn = heart),非 (fēi = they are not),1,,0.0098,痛也。从心非聲。,
抗,kàng,,,抗,exact,手,phonetic-compound,,手 (shǒu = not yet glossed),亢 (? = not yet glossed),1,,0.0098,扞也。从手亢聲。,
拔,bá,,,拔,exact,手,phonetic-compound,,手 (shǒu = not yet glossed),犮 (? = not yet glossed),1,,0.0098,擢也。从手犮聲。,
改,gǎi,changing/altering,,改,exact,攴,compound,,攴 (pū = a hand striking — action done to something),,1,,0.0098,更也。从攴、己。李陽冰曰：“已有過，攴之卽改。”,
敦,Dūn,Solid/genuine,,敦,exact,攴,phonetic-compound,,攴 (pū = a hand striking — action done to something),𦎫 (? = not yet glossed),1,,0.0098,怒也。詆也。一曰誰何也。从攴𦎫聲。,
昔,Xī,,,昔,exact,日,compound,,殘 (? = not yet glossed) + 肉 (ròu = flesh),,1,,0.0098,乾肉也。从殘肉，日以晞之。與俎同意。,
曠,Kuàng,Broad/expansive,,曠,exact,日,phonetic-compound,,日 (rì = day),廣 (Guǎng = not yet glossed),1,,0.0098,明也。从日廣聲。,
枯,kū,,,枯,exact,木,phonetic-compound,,木 (mù = not yet glossed),古 (gǔ = ancient),1,,0.0098,槀也。从木古聲。《夏書》曰：“唯箘輅枯。”木名也。,
橐,tuó,,,橐,exact,㯻,phonetic-compound,,㯻 (? = not yet glossed),石 (shí = not yet glossed),1,,0.0098,囊也。从㯻省，石聲。,
況,kuàng,how much more/let alone,,況,exact,水,phonetic-compound,,水 (shuǐ = water),兄 (? = not yet glossed),1,,0.0098,寒水也。从水兄聲。,
泣,qì,,,泣,exact,水,phonetic-compound,,水 (shuǐ = water),立 (lì = ),1,,0.0098,無聲出涕曰泣。从水立聲。,
營,yíng,vital/encampment,,營,exact,宮,phonetic-compound,,宮 (? = not yet glossed),熒 (? = not yet glossed),1,,0.0098,市居也。从宮，熒省聲。,
狂,kuáng,,,狂,exact,犬,phonetic-compound,,犬 (quǎn = not yet glossed),㞷 (? = not yet glossed),1,,0.0098,狾犬也。从犬㞷聲。,
狎,xiá,,,狎,exact,犬,phonetic-compound,,犬 (quǎn = not yet glossed),甲 (jiǎ = not yet glossed),1,,0.0098,犬可習也。从犬甲聲。,
瑕,xiá,flaws/blemishes,,瑕,exact,玉,phonetic-compound,乎加切,玉 (yù = jade),叚 (? = not yet glossed),1,,0.0098,玉小赤也。从玉，叚聲。,
社,shè,,,社,exact,示,compound,常者切,示 (shì = not yet glossed),,1,,0.0098,地主也。从示、土。《春秋傳》曰：「共工之子句龍爲社神。」周禮，二十五家爲社，各樹其土所宜之木。,
稷,jì,,,稷,exact,禾,phonetic-compound,,禾 (hé = standing grain),畟 (? = not yet glossed),1,,0.0098,𪗉也。五穀之長。从禾畟聲。,
籥,yuè,,,籥,exact,竹,phonetic-compound,,竹 (zhú = bamboo),龠 (? = not yet glossed),1,,0.0098,書僮竹笘也。从竹龠聲。,
繟,Chǎn,,,繟,exact,糸,phonetic-compound,,糸 (mì = silk thread),單 (? = not yet glossed),1,,0.0098,帶緩也。从糸單聲。,
罪,zuì,,,罪,exact,-{网}-,compound,,网 (wǎng = a net),,1,,0.0098,捕魚竹网。从网、非。秦以罪爲辠字。,
藏,cáng,,,藏,exact,艸,unanalysed,,,,1,,0.0098,匿也。,
託,tuō,relied upon/entrusted,,託,exact,言,phonetic-compound,,言 (yán = ),乇 (? = not yet glossed),1,,0.0098,寄也。从言乇聲。,
誠,Chéng,Truly,,誠,exact,言,phonetic-compound,,言 (yán = ),成 (chéng = ),1,,0.0098,信也。从言成聲。,
諱,huì,,,諱,exact,言,phonetic-compound,,言 (yán = ),韋 (? = not yet glossed),1,,0.0098,誋也。从言韋聲。,
謫,zhé,blame,,謫,exact,言,phonetic-compound,,言 (yán = ),啻 (? = not yet glossed),1,,0.0098,罰也。从言啻聲。,
責,zé,,,責,exact,貝,phonetic-compound,,"貝 (bèi = a cowrie shell — money, worth)",朿 (cì = a thorn),1,,0.0098,求也。从貝朿聲。,
賓,bīn,submit/align themselves,,賓,exact,貝,phonetic-compound,,"貝 (bèi = a cowrie shell — money, worth)",𡧍 (? = not yet glossed),1,,0.0098,所敬也。从貝𡧍聲。,
贅,zhuì,superfluous/tumor,,贅,exact,貝,compound,,敖 (? = not yet glossed),,1,,0.0098,以物質錢。从敖、貝。敖者，猶放；貝，當復取之也。,
走,zǒu,,,走,exact,走,compound,,夭 (? = not yet glossed),,1,,0.0098,趨也。从夭、止。夭止者，屈也。凡走之屬皆从走。,
載,Zài,Carrying,,載,exact,車,phonetic-compound,,車 (chē = not yet glossed),𢦔 (? = not yet glossed),1,,0.0098,乘也。从車𢦔聲。,
轍,zhé,,,轍,exact,車,phonetic-compound,,車 (chē = not yet glossed),徹 (chè = not yet glossed),1,,0.0098,車迹也。从車，徹省聲。本通用徹，後人所加。,
郊,jiāo,,,郊,exact,邑,phonetic-compound,,"邑 (yì = a settlement, a town)",交 (jiāo = not yet glossed),1,,0.0098,距國百里爲郊。从邑交聲。,
雨,yǔ,,,雨,exact,雨,compound,,雲 (? = not yet glossed) + 下 (xià = ) + 也 (yě = particle),,1,,0.0098,水从雲下也。一象天，冂象雲，水霝其閒也。凡雨之屬皆从雨。,
驟,Zhòu,,,驟,exact,馬,phonetic-compound,,馬 (mǎ = not yet glossed),聚 (? = not yet glossed),1,,0.0098,馬疾步也。从馬聚聲。,
魄,pò,soul,,魄,exact,鬼,phonetic-compound,,鬼 (guǐ = not yet glossed),白 (bái = white/light),1,,0.0098,陰神也。从鬼白聲。,
次,cì,,,次,exact,欠,phonetic-compound,,"欠 (qiàn = a person with the mouth open — breath, wanting)",二 (èr = not yet glossed),3,,0.0092,不前，不精也。从欠二聲。,
恢,huī,,,恢,exact,心,phonetic-compound,,心 (xīn = heart),灰 (? = not yet glossed),2,,0.0089,大也。从心灰聲。,
昭,zhāo,,,昭,exact,日,phonetic-compound,,日 (rì = day),召 (zhào = not yet glossed),2,,0.0089,日明也。从日召聲。,
淳,chún,,,淳,exact,水,phonetic-compound,,水 (shuǐ = water),𦎫 (? = not yet glossed),2,,0.0089,渌也。从水𦎫聲。,
熙,xī,,,熙,exact,火,phonetic-compound,,火 (huǒ = fire),巸 (? = not yet glossed),2,,0.0089,燥也。从火巸聲。,
綿,Mián,,,緜,orthographic,系,compound,,"系 (xì = to tie, to connect) + 帛 (? = not yet glossed)",,2,,0.0089,聮微也。从系从帛。,
芸,yún,,,芸,exact,艸,phonetic-compound,,"艸 (cǎo = grass, growing plants)",云 (yún = not yet glossed),2,,0.0089,艸也。似目宿。从艸云聲。《淮南子》說：「芸艸可以死復生。」,
九,Jiǔ,,,九,exact,九,pictograph,,,,1,,0.0087,陽之變也。象其屈曲究盡之形。凡九之屬皆从九。,
企,Qǐ,Tiptoeing,,企,exact,人,phonetic-compound,,人 (rén = ),止 (zhǐ = stopping point),1,,0.0087,舉踵也。从人止聲。,
伎,jì,,,伎,exact,人,phonetic-compound,,人 (rén = ),支 (? = not yet glossed),1,,0.0087,與也。从人支聲。《詩》曰：“𥷤人伎忒。”,
佳,jiā,fine/beautiful,,佳,exact,人,phonetic-compound,,人 (rén = ),圭 (? = not yet glossed),1,,0.0087,善也。从人圭聲。,
倍,bèi,fold,,倍,exact,人,phonetic-compound,,人 (rén = ),咅 (? = not yet glossed),1,,0.0087,反也。从人咅聲。,
六,Liù,six,,六,exact,六,compound,,"入 (rù = not yet glossed) + 八 (bā = eight; to divide, to part)",,1,,0.0087,《易》之數，陰變於六，正於八。从入从八。凡六之屬皆从六。,
劌,guì,,,劌,exact,刀,phonetic-compound,,刀 (dāo = a knife),歲 (? = not yet glossed),1,,0.0087,利傷也。从刀歲聲。,
千,Qiān,,,千,exact,十,compound,,十 (shí = not yet glossed) + 人 (rén = ),,1,,0.0087,十百也。从十从人。,
吉,Jí,,,吉,exact,口,compound,,士 (shì = scholars/officers),,1,,0.0087,善也。从士、口。,
含,Hán,,,含,exact,口,phonetic-compound,,口 (kǒu = mouths),今 (jīn = ),1,,0.0087,嗛也。从口今聲。,
土,tǔ,,,土,exact,土,pictograph,,,,1,,0.0087,地之吐生物者也。二象地之下、地之中，物出形也。凡土之屬皆从土。,
垢,gòu,,,垢,exact,土,phonetic-compound,,土 (tǔ = not yet glossed),后 (? = not yet glossed),1,,0.0087,濁也。从土后聲。,
堂,táng,hall,,堂,exact,土,phonetic-compound,,土 (tǔ = not yet glossed),尚 (shàng = still),1,,0.0087,殿也。从土尚聲。,
報,bào,,,報,exact,㚔,compound,,幸 (? = not yet glossed) + 𠬝 (? = not yet glossed),,1,,0.0087,當罪人也。从幸从𠬝。𠬝，服罪也。,
央,yāng,reached the center/end,,央,exact,冂,compound,,"大 (dà = ) + 在 (zài = place in) + 冂 (jiōng = the far borders, open country) + 之 (zhī = it) + 内 (? = not yet glossed)",,1,,0.0087,中央也。从大在冂之内。大，人也。央㫄同意。一曰久也。,
夸,kuā,,,夸,exact,大,phonetic-compound,,大 (dà = ),于 (? = not yet glossed),1,,0.0087,奢也。从大于聲。,
奪,duó,,,奪,exact,奞,compound,,又 (yòu = not yet glossed) + 奞 (? = not yet glossed),,1,,0.0087,手持隹失之也。从又从奞。,
妨,fáng,be hindered/harmed,,妨,exact,女,phonetic-compound,,女 (nǚ = a woman),方 (fāng = not yet glossed),1,,0.0087,害也。从女方聲。,
孔,Kǒng,,,孔,exact,𠃉,compound,,𠃉 (? = not yet glossed) + 子 (zǐ = not yet glossed),,1,,0.0087,通也。从𠃉从子。𠃉，請子之候鳥也。𠃉至而得子，嘉美之也。古人名嘉字子孔。,
官,guān,,,官,exact,𠂤,compound,,宀 (mián = a roof; under a house) + 𠂤 (? = not yet glossed),,1,,0.0087,史，事君也。从宀从𠂤。𠂤猶眾也。此與師同意。,
寸,cùn,,,寸,exact,寸,compound,,又 (yòu = not yet glossed) + 一 (yī = the one (lowercase) · one thing (ch 22) · plain numeral where it counts),,1,,0.0087,十分也。人手卻一寸，動𧖴，謂之寸口。从又从一。凡寸之屬皆从寸。,
專,Zhuān,Concentrating,,專,exact,寸,phonetic-compound,,寸 (cùn = not yet glossed),叀 (? = not yet glossed),1,,0.0087,六寸簿也。从寸叀聲。一曰專，紡專。,
層,céng,,,層,exact,-{尸}-,phonetic-compound,,尸 (shī = a body laid out; a seated figure),曾 (? = not yet glossed),1,,0.0087,重屋也。从尸曾聲。,
帝,dì,,,帝,exact,丄,phonetic-compound,都計切,丄 (shàng = above (the old form of 上)),朿 (cì = a thorn),1,,0.0087,諦也，王天下之號也。从丄，朿聲。,
廉,lián,,,廉,exact,广,phonetic-compound,,广 (yǎn = a shelter built against a bank),兼 (jiān = not yet glossed),1,,0.0087,庂也。从广兼聲。,
徑,jìng,,,徑,exact,彳,phonetic-compound,,彳 (chì = a step taken; going),巠 (? = not yet glossed),1,,0.0087,步道也。从彳巠聲。,
徹,chè,,,徹,exact,攴,compound,,彳 (chì = a step taken; going) + 攴 (pū = a hand striking — action done to something) + 育 (yù = not yet glossed),,1,,0.0087,通也。从彳从攴从育。,
徼,jiào,,,徼,exact,彳,phonetic-compound,,彳 (chì = a step taken; going),敫 (? = not yet glossed),1,,0.0087,循也。从彳敫聲。,
忒,tè,deviate/err,,忒,exact,心,phonetic-compound,,心 (xīn = heart),弋 (yì = a stake; a tethered arrow),1,,0.0087,更也。从心弋聲。,
恬,tián,,,恬,exact,心,phonetic-compound,,心 (xīn = heart),甛 (? = not yet glossed),1,,0.0087,安也。从心，甛省聲。,
慎,Shèn,,,愼,orthographic,心,phonetic-compound,,心 (xīn = heart),眞 (? = not yet glossed),1,,0.0087,謹也。从心眞聲。,
憂,yōu,sorrow/worries,,憂,exact,夊,phonetic-compound,,"夊 (suī = walking slowly, dragging the feet)",𢚧 (? = not yet glossed),1,,0.0087,和之行也。从夊𢚧聲。《詩》曰：“布政憂憂。”,
拙,zhuō,,,拙,exact,手,phonetic-compound,,手 (shǒu = not yet glossed),出 (chū = emerge),1,,0.0087,不巧也。从手出聲。,
揣,chuǎi,hammering/feeling,,揣,exact,手,phonetic-compound,,手 (shǒu = not yet glossed),耑 (? = not yet glossed),1,,0.0087,量也。从手耑聲。度高曰揣。一曰捶之。,
據,jù,,,據,exact,手,phonetic-compound,,手 (shǒu = not yet glossed),豦 (? = not yet glossed),1,,0.0087,杖持也。从手豦聲。,
攫,jué,,,攫,exact,手,phonetic-compound,,手 (shǒu = not yet glossed),矍 (? = not yet glossed),1,,0.0087,扟也。从手矍聲。,
施,shī,,,施,exact,㫃,phonetic-compound,,㫃 (? = not yet glossed),也 (yě = particle),1,,0.0087,旗皃。从㫃也聲。亝欒施字子旗，知施者旗也。,
晚,wǎn,,,晚,exact,日,phonetic-compound,,日 (rì = day),免 (miǎn = not yet glossed),1,,0.0087,莫也。从日免聲。,
普,pǔ,,,普,exact,日,compound,,日 (rì = day) + 並 (bìng = simultaneously),,1,,0.0087,日無色也。从日从並。,
望,wàng,,,望,exact,亡,phonetic-compound,,亡 (wáng = perish),朢 (? = not yet glossed),1,,0.0087,出亡在外，望其還也。从亡，朢省聲。,
末,mò,,,末,exact,木,compound,,木 (mù = not yet glossed),,1,,0.0087,木上曰末。从木，一在其上。,
棘,jí,,,棘,exact,朿,compound,,並 (bìng = simultaneously) + 朿 (cì = a thorn),,1,,0.0087,小棗叢生者。从並朿。,
殃,yāng,,,殃,exact,歺,phonetic-compound,,"歺 (è = splintered bone — death, decay)",央 (yāng = reached the center/end),1,,0.0087,咎也。从歺央聲。,
比,bǐ,,,比,exact,比,unanalysed,,,,1,,0.0087,密也。二人爲从，反从爲比。凡比之屬皆从比。,
汎,fàn,overflows/floods,,汎,exact,水,phonetic-compound,,水 (shuǐ = water),凡 (? = not yet glossed),1,,0.0087,浮皃。从水凡聲。,
泮,pàn,,,泮,exact,水,phonetic-compound,,水 (shuǐ = water) + 半 (? = not yet glossed),半 (? = not yet glossed),1,,0.0087,諸矦鄉射之宮，西南爲水，東北爲牆。从水从半，半亦聲。,
渝,yú,,,渝,exact,水,phonetic-compound,,水 (shuǐ = water),俞 (? = not yet glossed),1,,0.0087,變汙也。从水俞聲。一曰渝水，在遼西臨俞，東出塞。,
滌,Dí,Washing,,滌,exact,水,phonetic-compound,,水 (shuǐ = water),條 (? = not yet glossed),1,,0.0087,洒也。从水條聲。,
滿,mǎn,filling,,滿,exact,水,phonetic-compound,,水 (shuǐ = water),㒼 (? = not yet glossed),1,,0.0087,盈溢也。从水㒼聲。,
燕,Yàn,Peacefully,,燕,exact,燕,pictograph,,,,1,,0.0087,玄鳥也。籋口，布翄，枝尾。象形。凡燕之屬皆从燕。,
牢,láo,,,牢,exact,牛,compound,,牛 (niú = an ox),,1,,0.0087,閑，養牛馬圈也。从牛，冬省。取其四周帀也。,
猛,měng,,,猛,exact,犬,phonetic-compound,,犬 (quǎn = not yet glossed),孟 (? = not yet glossed),1,,0.0087,健犬也。从犬孟聲。,
獵,liè,,,獵,exact,犬,phonetic-compound,,犬 (quǎn = not yet glossed),巤 (? = not yet glossed),1,,0.0087,放獵逐禽也。从犬巤聲。,
獸,shòu,,,獸,exact,嘼,compound,,嘼 (? = not yet glossed) + 犬 (quǎn = not yet glossed),,1,,0.0087,守備者。从嘼从犬。,
畋,tián,,,畋,exact,攴,compound,,攴 (pū = a hand striking — action done to something),,1,,0.0087,平田也。从攴、田。《周書》曰：“畋尒田。”,
疵,cī,flaw/blemish,,疵,exact,疒,phonetic-compound,,疒 (nè = a person on a sickbed — illness),此 (Cǐ = this),1,,0.0087,病也。从疒此聲。,
登,dēng,,,登,exact,癶,compound,,癶 (? = not yet glossed),,1,,0.0087,上車也。从癶、豆。象登車形。,
皦,jiǎo,bright/dazzling,,皦,exact,白,phonetic-compound,,白 (bái = white/light),敫 (? = not yet glossed),1,,0.0087,玉石之白也。从白敫聲。,
短,duǎn,,,短,exact,矢,phonetic-compound,,矢 (shǐ = an arrow),豆 (? = not yet glossed),1,,0.0087,有所長短，以矢爲正。从矢豆聲。,
紀,jì,,,紀,exact,糸,phonetic-compound,,糸 (mì = silk thread),己 (jǐ = not yet glossed),1,,0.0087,絲別也。从糸己聲。,
素,sù,plainness/raw silk,,素,exact,素,compound,,糸 (mì = silk thread),,1,,0.0087,白緻繒也。从糸、𠂹，取其澤也。凡素之屬皆从素。,
纇,lèi,,,纇,exact,糸,phonetic-compound,,糸 (mì = silk thread),頪 (? = not yet glossed),1,,0.0087,絲節也。从糸頪聲。,
興,xīng,,,興,exact,舁,compound,,舁 (yú = four hands lifting together) + 同 (tóng = merge/identify),,1,,0.0087,起也。从舁从同。同力也。,
舟,zhōu,,,舟,exact,舟,pictograph,,,,1,,0.0087,船也。古者，共鼓、貨狄，刳木爲舟，剡木爲楫，以濟不通。象形。凡舟之屬皆从舟。,
荊,jīng,,,荊,exact,艸,phonetic-compound,,"艸 (cǎo = grass, growing plants)",刑 (? = not yet glossed),1,,0.0087,楚木也。从艸刑聲。,
螫,shì,,,螫,exact,虫,phonetic-compound,,"虫 (chóng = an insect, a crawling creature)",赦 (? = not yet glossed),1,,0.0087,蟲行毒也。从虫赦聲。,
蟲,chóng,,,蟲,exact,蟲,compound,,"三 (Sān = three) + 虫 (chóng = an insect, a crawling creature)",,1,,0.0087,有足謂之蟲，無足謂之豸。从三虫。凡蟲之屬皆从蟲。,
要,yào,crucial/essential,,要,exact,𦥑,phonetic-compound,,𦥑 (? = not yet glossed),交 (jiāo = not yet glossed),1,,0.0087,身中也。象人要自𦥑之形。从𦥑，交省聲。,
覽,lǎn,mirror/vision,,覽,exact,見,phonetic-compound,,見 (jiàn = ),監 (? = not yet glossed),1,,0.0087,觀也。从見、監，監亦聲。,
訥,nè,,,訥,exact,言,compound,,言 (yán = ) + 内 (? = not yet glossed),,1,,0.0087,言難也。从言从内。,
豈,Qǐ,How could it be,,豈,exact,豈,phonetic-compound,,豆 (? = not yet glossed),微 (wēi = ),1,,0.0087,還師振旅樂也。一曰欲也，登也。从豆，微省聲。凡豈之屬皆从豈。,
豐,fēng,,,豐,exact,豐,compound,,豆 (? = not yet glossed),,1,,0.0087,豆之豐滿者也。从豆，象形。一曰《鄉飲酒》有豐侯者。凡豐之屬皆从豐。,
財,cái,,,財,exact,貝,phonetic-compound,,"貝 (bèi = a cowrie shell — money, worth)",才 (cái = a sprout breaking the ground),1,,0.0087,人所寶也。从貝才聲。,
貧,pín,,,貧,exact,貝,phonetic-compound,,"貝 (bèi = a cowrie shell — money, worth) + 分 (? = not yet glossed)",分 (? = not yet glossed),1,,0.0087,財分少也。从貝从分，分亦聲。,
貸,dài,,,貸,exact,貝,phonetic-compound,,"貝 (bèi = a cowrie shell — money, worth)",代 (dài = not yet glossed),1,,0.0087,施也。从貝代聲。,
質,zhì,,,質,exact,貝,compound,,"貝 (bèi = a cowrie shell — money, worth) + 斦 (? = not yet glossed)",,1,,0.0087,以物相贅。从貝从斦。闕。,
赤,chì,,,赤,exact,赤,compound,,大 (dà = ) + 火 (huǒ = fire),,1,,0.0087,南方色也。从大从火。凡赤之屬皆从赤。,
超,chāo,,,超,exact,走,phonetic-compound,,走 (zǒu = not yet glossed),召 (zhào = not yet glossed),1,,0.0087,跳也。从走召聲。,
跨,Kuà,Striding/taking long steps,,跨,exact,足,phonetic-compound,,足 (zú = ),夸 (kuā = not yet glossed),1,,0.0087,渡也。从足夸聲。,
車,chē,,,車,exact,車,pictograph,,,,1,,0.0087,輿輪之緫名。夏后時奚仲所造。象形。凡車之屬皆从車。,
輿,yú,,,輿,exact,車,phonetic-compound,,車 (chē = not yet glossed),舁 (yú = four hands lifting together),1,,0.0087,車輿也。从車舁聲。,
通,tōng,penetrating/connected,,通,exact,辵,phonetic-compound,,"辵 (chuò = walking, going along a road)",甬 (? = not yet glossed),1,,0.0087,達也。从辵甬聲。,
達,dá,,,達,exact,辵,phonetic-compound,,"辵 (chuò = walking, going along a road)",羍 (? = not yet glossed),1,,0.0087,行不相遇也。从辵羍聲。詩曰：“挑兮達兮。”,
還,huán,return/cycle back,,還,exact,辵,phonetic-compound,,"辵 (chuò = walking, going along a road)",瞏 (? = not yet glossed),1,,0.0087,復也。从辵瞏聲。,
配,pèi,,,配,exact,酉,phonetic-compound,,酉 (? = not yet glossed),己 (jǐ = not yet glossed),1,Tier 0,0.0087,酒色也。从酉己聲。,
里,lǐ,,,里,exact,里,compound,,田 (tián = not yet glossed) + 土 (tǔ = not yet glossed),,1,,0.0087,居也。从田从土。凡里之屬皆从里。,
金,Jīn,Gold,,金,exact,金,phonetic-compound,,革 (? = not yet glossed) + 不 (bù = ) + 違 (? = not yet glossed) + 土 (tǔ = not yet glossed),今 (jīn = ),1,,0.0087,五色金也。黃爲之長。久薶不生衣，百鍊不輕，从革不違。西方之行。生於土，从土；左右注，象金在土中形；今聲。凡金之屬皆从金。,
閱,yuè,inspect/review,,閱,exact,門,phonetic-compound,,門 (mén = ),說 (? = not yet glossed),1,,0.0087,具數於門中也。从門，說省聲。,
闔,hé,closing,,闔,exact,門,phonetic-compound,,門 (mén = ),盍 (? = not yet glossed),1,,0.0087,門扇也。一曰閉也。从門盍聲。,
阿,ē,flattery/yeah,,阿,exact,𨸏,phonetic-compound,,𨸏 (? = not yet glossed),可 (kě = ),1,,0.0087,大陵也。一曰曲𨸏也。从𨸏可聲。,
降,jiàng,,,降,exact,𨸏,phonetic-compound,,𨸏 (? = not yet glossed),夅 (? = not yet glossed),1,,0.0087,下也。从𨸏夅聲。,
陳,chén,,,陳,exact,𨸏,phonetic-compound,,𨸏 (? = not yet glossed) + 木 (mù = not yet glossed),申 (? = not yet glossed),1,,0.0087,宛丘，舜後嬀滿之所封。从𨸏从木，申聲。,
隅,yú,,,隅,exact,𨸏,phonetic-compound,,𨸏 (? = not yet glossed),禺 (? = not yet glossed),1,,0.0087,陬也。从𨸏禺聲。,
隱,yǐn,,,隱,exact,𨸏,phonetic-compound,,𨸏 (? = not yet glossed),㥯 (? = not yet glossed),1,,0.0087,蔽也。从𨸏㥯聲。,
露,lù,,,露,exact,雨,phonetic-compound,,雨 (yǔ = not yet glossed),路 (? = not yet glossed),1,,0.0087,潤澤也。从雨路聲。,
鮮,xiān,,,鮮,exact,魚,phonetic-compound,,魚 (Yú = not yet glossed),羴 (? = not yet glossed),1,,0.0087,魚名。出貉國。从魚，羴省聲。,
鳥,niǎo,,,鳥,exact,鳥,compound,,"匕 (bǐ = a spoon, a ladle)",,1,,0.0087,長尾禽緫名也。象形。鳥之足似匕，从匕。凡鳥之屬皆从鳥。,
亭,tíng,,,亭,exact,高,phonetic-compound,,高 (gāo = not yet glossed),丁 (? = not yet glossed),1,,0.0076,民所安定也。亭有樓，从高省，丁聲。,
倉,cāng,,,倉,exact,倉,compound,,食 (shí = ),,1,,0.0076,榖藏也。倉黃取而藏之，故謂之倉。从食省，口象倉形。凡倉之屬皆从倉。,
冥,míng,obscure/dim,,冥,exact,冥,phonetic-compound,,日 (rì = day) + 六 (Liù = six),冖 (? = not yet glossed),1,,0.0076,幽也。从日从六，冖聲。日數十。十六日而月始虧幽也。凡冥之屬皆从冥。,
勢,shì,,,勢,exact,力,phonetic-compound,,力 (lì = force),埶 (? = not yet glossed),1,,0.0076,盛力權也。从力埶聲。經典通用埶。,
吹,chuī,blow/breathe easy,,吹,exact,口,compound,,"口 (kǒu = mouths) + 欠 (qiàn = a person with the mouth open — breath, wanting)",,1,,0.0076,噓也。从口从欠。,
妄,Wàng,Recklessly,,妄,exact,女,phonetic-compound,,女 (nǚ = a woman),亡 (wáng = perish),1,,0.0076,亂也。从女亡聲。,
寒,hán,,,寒,exact,宀,compound,,人 (rén = ) + 在 (zài = place in) + 宀 (mián = a roof; under a house) + 下 (xià = ),,1,,0.0076,凍也。从人在宀下，以茻薦覆之，下有仌。,
尺,chǐ,,,尺,exact,尺,compound,,尸 (shī = a body laid out; a seated figure) + 乙 (? = not yet glossed),,1,,0.0076,十寸也。人手卻十分動脈爲寸口。十寸爲尺。尺，所以指尺䂓榘事也。从尸从乙。乙，所識也。周制，寸、尺、咫、尋、常、仞諸度量，皆以人之體爲法。凡尺之屬皆从尺。,
帶,dài,,,帶,exact,巾,compound,,巾 (jīn = a cloth),,1,,0.0076,紳也。男子鞶帶，婦人帶絲。象繫佩之形。佩必有巾，从巾。,
平,ping,,,平,exact,亏,compound,,"亏 (? = not yet glossed) + 八 (bā = eight; to divide, to part)",,1,,0.0076,語平舒也。从亏从八。八，分也。爰禮說。,
惑,huò,confused/deluded,,惑,exact,心,phonetic-compound,,心 (xīn = heart),或 (huò = sometimes),1,,0.0076,亂也。从心或聲。,
慧,huì,intelligence,,慧,exact,心,phonetic-compound,,心 (xīn = heart),彗 (? = not yet glossed),1,,0.0076,儇也。从心彗聲。,
敝,Bì,Worn out/old,,敝,exact,㡀,phonetic-compound,,攴 (pū = a hand striking — action done to something) + 㡀 (? = not yet glossed),㡀 (? = not yet glossed),1,,0.0076,帗也。一曰敗衣。从攴从㡀，㡀亦聲。,
時,shí,good at timing,,時,exact,日,phonetic-compound,,日 (rì = day),寺 (? = not yet glossed),1,,0.0076,四時也。从日寺聲。,
枉,Wǎng,Wronged/bent,,枉,exact,木,phonetic-compound,,木 (mù = not yet glossed),㞷 (? = not yet glossed),1,,0.0076,衺曲也。从木㞷聲。,
歇,xiē,,,歇,exact,欠,phonetic-compound,,"欠 (qiàn = a person with the mouth open — breath, wanting)",曷 (? = not yet glossed),1,,0.0076,息也。一曰气越泄。从欠曷聲。,
歔,xū,pant/breathe heavy,,歔,exact,欠,phonetic-compound,,"欠 (qiàn = a person with the mouth open — breath, wanting)",虚 (? = not yet glossed),1,,0.0076,欷也。从欠虚聲。一曰出气也。,
滅,miè,,,滅,exact,水,phonetic-compound,,水 (shuǐ = water),𤇳 (? = not yet glossed),1,,0.0076,盡也。从水𤇳聲。,
濟,ji,,,濟,exact,水,phonetic-compound,,水 (shuǐ = water),齊 (? = not yet glossed),1,,0.0076,水。出常山房子贊皇山，東入泜。从水齊聲。,
熱,rè,,,熱,exact,火,phonetic-compound,,火 (huǒ = fire),埶 (? = not yet glossed),1,,0.0076,溫也。从火埶聲。,
田,tián,,,田,exact,田,pictograph,,,,1,,0.0076,陳也。樹穀曰田。象四囗。十，阡陌之制也。凡田之屬皆从田。,
石,shí,,,石,exact,石,pictograph,,,,1,,0.0076,山石也。在厂之下；囗，象形。凡石之屬皆从石。,
窈,Yǎo,Deep/dark,,窈,exact,穴,phonetic-compound,,穴 (? = not yet glossed),幼 (? = not yet glossed),1,,0.0076,深遠也。从穴幼聲。,
竭,jié,,,竭,exact,立,phonetic-compound,,立 (lì = ),曷 (? = not yet glossed),1,,0.0076,負舉也。从立曷聲。,
篤,dǔ,firmly/sincerely,,篤,exact,馬,phonetic-compound,,馬 (mǎ = not yet glossed),竹 (zhú = bamboo),1,,0.0076,馬行頓遟。从馬竹聲。,
置,zhì,,,置,exact,-{网}-,compound,,网 (wǎng = a net),,1,,0.0076,赦也。从网、直。,
羸,léi,weak/fragile,,羸,exact,羊,phonetic-compound,,羊 (yáng = a sheep),𣎆 (? = not yet glossed),1,,0.0076,瘦也。从羊𣎆聲。,
育,yù,,,育,exact,𠫓,phonetic-compound,,𠫓 (? = not yet glossed),肉 (ròu = flesh),1,,0.0076,養子使作善也。从𠫓肉聲。《虞書》曰：“教育子。”,
蕪,wú,,,蕪,exact,艸,phonetic-compound,,"艸 (cǎo = grass, growing plants)",無 (Wú = absence),1,,0.0076,薉也。从艸無聲。,
裂,liè,,,裂,exact,衣,phonetic-compound,,衣 (Yī = not yet glossed),𠛱 (? = not yet glossed),1,,0.0076,繒餘也。从衣𠛱聲。,
覆,fù,,,覆,exact,襾,phonetic-compound,,襾 (? = not yet glossed),復 (Fù = ),1,,0.0076,覂也。一曰蓋也。从襾復聲。,
蹶,jué,,,蹶,exact,足,phonetic-compound,,足 (zú = ),厥 (? = not yet glossed),1,,0.0076,僵也。从足厥聲。一曰跳也。亦讀若橜。,
闚,kuī,,,闚,exact,門,phonetic-compound,,門 (mén = ),規 (? = not yet glossed),1,,0.0076,閃也。从門規聲。,
雄,xióng,male/active,,雄,exact,隹,phonetic-compound,,隹 (zhuī = a short-tailed bird),厷 (? = not yet glossed),1,,0.0076,鳥父也。从隹厷聲。,
黑,hēi,black/dark,,黑,exact,黑,compound,,炎 (? = not yet glossed),,1,,0.0076,火所熏之色也。从炎，上出𡆧。𡆧，古窻字。凡黑之屬皆从黑。,
侮,wǔ,despise/insult,,侮,exact,人,phonetic-compound,,人 (rén = ),𣫭 (? = not yet glossed),1,,0.0065,傷也。从人𣫭聲。,
奢,shē,extravagant,,奢,exact,奢,phonetic-compound,,大 (dà = ),者 (zhě = those),1,,0.0065,張也。从大者聲。凡奢之屬皆从奢。,
怒,nù,,,怒,exact,心,phonetic-compound,,心 (xīn = heart),奴 (? = not yet glossed),1,,0.0065,恚也。从心奴聲。,
武,wǔ,,,武,exact,戈,unanalysed,,,,1,,0.0065,楚莊王曰：“夫武，定功戢兵。故止戈爲武。”,
泰,tài,excessive,,泰,exact,水,phonetic-compound,,廾 (gǒng = two hands raised together) + 水 (shuǐ = water),大 (dà = ),1,,0.0065,滑也。从廾从水，大聲。,
湛,Zhàn,,,湛,exact,水,phonetic-compound,,水 (shuǐ = water),甚 (shèn = ),1,,0.0065,沒也。从水甚聲。一曰湛水，豫章浸。,
澹,Dàn,Tranquil/drifting,,澹,exact,水,phonetic-compound,,水 (shuǐ = water),詹 (? = not yet glossed),1,,0.0065,水搖也。从水詹聲。,
荒,Huāng,Vast/wild,,荒,exact,艸,phonetic-compound,,"艸 (cǎo = grass, growing plants)",㠩 (? = not yet glossed),1,,0.0065,蕪也。从艸㠩聲。一曰艸淹地也。,
飂,Liào,Blown by the wind,,飂,exact,風,phonetic-compound,,風 (fēng = not yet glossed),翏 (? = not yet glossed),1,,0.0065,高風也。从風翏聲。,
