character,pinyin,gloss,gloss_source,gloss_agreement,our_render,lock_status,never_render_as,occurrences,chapter_count,chapters,first_chapter,last_chapter,per_1000,glossary_entry
之,zhī,it,apparatus,18/31,,,,252,63,"1,2,3,4,5,6,8,9,10,11,12,13,14,15,17,20,21,22,23,24,25,26,27,28,29,30,31,32,34,35,36,37,38,39,40,41,42,43,46,48,49,50,51,54,55,58,59,61,62,63,64,65,66,67,68,73,74,75,76,77,78,80,81",1,81,47.58,
不,bù,,apparatus-split,17/56,,,,242,74,"2,3,4,5,6,7,8,9,10,12,14,15,16,17,18,19,20,21,22,23,24,25,26,27,28,29,30,31,32,33,34,35,36,37,38,39,41,42,43,44,45,46,47,48,49,50,51,52,54,55,56,58,59,60,61,62,63,64,65,66,67,68,69,70,71,72,73,74,76,77,78,79,80,81",2,81,45.69,
以,yǐ,,apparatus-split,2/19,,,,164,61,"1,2,3,5,7,11,12,13,14,15,16,19,20,21,22,25,26,27,29,30,31,32,34,36,37,38,39,41,42,43,44,46,47,48,49,50,51,52,54,57,58,59,60,61,62,63,64,65,66,67,70,71,72,73,74,75,76,77,78,79,81",1,81,30.97,
其,qí,,apparatus-split,7/25,,,,143,51,"1,3,4,5,7,9,11,14,15,16,17,20,21,24,25,27,28,29,30,33,34,35,38,39,42,45,47,48,49,50,52,54,56,57,58,59,60,63,64,65,66,67,71,72,73,74,75,76,77,78,80",1,80,27.0,
而,ér,,apparatus-split,12/29,,,,122,49,"1,2,4,5,7,8,9,10,14,15,17,20,22,23,25,26,27,29,30,31,32,33,34,35,37,38,41,42,47,48,51,53,55,56,57,58,61,64,66,67,69,70,73,74,77,78,79,80,81",1,81,23.04,
為,wéi,do / handle / serve as,locked,,do / handle / serve as,locked,execute; function as,113,48,"2,3,5,10,11,12,13,14,15,19,21,22,23,25,26,28,29,31,34,37,38,39,41,42,43,45,47,48,49,51,52,56,57,58,61,62,63,64,65,66,67,68,69,74,75,77,79,81",2,81,21.34,glossary/wei-為.md
無,Wú,absence,locked,,absence,locked,Being; Non-Being; existence; the Void; nothingness,101,40,"1,2,3,7,8,10,11,13,14,19,20,24,27,28,32,34,35,37,38,39,40,41,43,46,48,49,50,52,57,58,59,63,64,69,70,72,75,78,79,80",1,80,19.07,glossary/wu-you-無有.md
天,tiān,sky (as a tier) · nature / the natural (as an agent),locked,,sky (as a tier) · nature / the natural (as an agent),locked,Heaven; Providence; the Almighty; the Cosmos,92,46,"1,2,5,6,7,9,10,13,16,22,23,25,26,28,29,30,31,32,35,37,39,40,43,45,46,47,48,49,52,54,56,57,59,60,61,62,63,66,67,68,70,73,77,78,79,81",1,81,17.37,glossary/tian-天.md
者,zhě,those,apparatus,14/18,,,,90,38,"1,3,7,13,14,15,19,22,23,24,27,29,30,31,33,38,39,40,42,49,50,54,56,61,62,64,65,66,68,69,70,73,74,75,76,77,78,81",1,81,16.99,
人,rén,,apparatus-split,5/13,,,,85,41,"2,3,5,7,8,12,20,22,23,25,27,28,29,30,31,33,36,42,47,49,50,53,57,58,59,60,61,62,63,64,66,68,70,71,72,73,76,77,78,79,81",2,81,16.05,
有,yǒu,presence,locked,,presence,locked,Being; Non-Being; existence; the Void; nothingness,83,44,"1,2,10,11,13,14,17,18,19,20,21,22,23,24,25,26,30,31,32,33,34,38,40,41,43,46,48,50,51,52,53,57,59,62,64,67,69,70,74,75,77,79,80,81",1,81,15.67,glossary/wu-you-無有.md
下,xià,,apparatus-split,1/3,,,,82,40,"2,13,14,17,22,25,26,28,29,30,31,32,35,37,38,39,40,41,43,45,46,47,48,49,52,54,56,57,60,61,62,63,64,66,67,68,70,76,77,78",2,78,15.48,
道,Dào,the Tao (left untranslated),locked,,the Tao (left untranslated),locked,the Way; the Path,75,37,"1,4,8,9,14,15,16,18,21,23,24,25,30,31,32,34,35,37,38,40,41,42,46,47,48,51,53,55,59,60,62,65,67,73,77,79,81",1,81,14.16,glossary/dao-道.md
是,Shì,,apparatus-split,6/12,,,,71,45,"2,3,6,7,10,12,13,14,16,21,22,24,26,27,29,30,31,36,38,39,43,44,47,51,52,53,56,58,59,63,64,65,66,68,69,70,71,72,73,74,75,76,77,78,79",2,79,13.41,
故,Gù,Therefore,apparatus,15/24,,,,64,42,"1,2,7,8,11,12,13,14,15,19,22,23,24,25,27,28,29,31,34,38,39,41,42,44,46,50,51,54,56,57,60,61,62,63,64,65,66,67,69,72,73,76",1,76,12.08,
大,dà,,apparatus-split,7/14,,,,58,24,"13,18,25,27,28,30,34,35,38,41,44,45,46,53,60,61,63,65,67,69,72,74,76,79",13,79,10.95,
知,zhī,,apparatus-split,5/14,,,,57,31,"2,3,4,10,14,16,17,21,25,28,32,33,43,44,46,47,52,53,54,55,56,57,58,59,65,70,71,72,73,78,81",2,81,10.76,
善,shàn,masterful / masterful at · the masterful & the unmasterful (of people) · good (only where the text names the category),locked,,masterful / masterful at · the masterful & the unmasterful (of people) · good (only where the text names the category),locked,virtuous; righteous; saintly; benevolent,52,18,"2,8,15,20,27,30,41,49,50,54,58,62,65,66,68,73,79,81",2,81,9.82,glossary/shan-善.md
於,yú,,apparatus-split,4/11,,,,48,23,"8,14,20,23,28,31,32,34,36,40,46,48,50,53,54,55,63,64,69,73,75,78,79",8,79,9.06,
若,ruò,,apparatus-split,7/21,,,,46,15,"6,8,13,15,20,32,37,41,45,59,60,67,69,74,78",6,78,8.69,
德,dé,integrity,locked,,integrity,locked,virtue; moral excellence; power,44,16,"10,21,23,28,38,41,49,51,54,55,59,60,63,65,68,79",10,79,8.31,glossary/de-德.md
生,shēng,give birth to / bear / bring forth,locked,,give birth to / bear / bring forth,locked,generate; produce; manufacture; create,38,19,"2,7,10,15,25,30,34,39,40,42,46,50,51,55,59,64,72,75,76",2,76,7.18,glossary/sheng-生.md
物,wù,things / something,covers,,things / something,locked,,37,27,"1,2,4,5,8,14,16,21,24,25,27,29,30,31,32,34,37,39,40,42,51,55,57,62,64,65,76",1,76,6.99,glossary/wanwu-萬物.md
可,kě,,apparatus-split,2/4,,,,36,20,"1,3,9,13,14,15,20,25,27,29,31,32,34,35,36,44,56,59,62,79",1,79,6.8,
謂,wèi,called,apparatus,10/12,,,,35,24,"1,6,10,13,14,16,17,22,27,30,36,39,51,52,53,55,56,59,65,67,68,69,74,78",1,78,6.61,
得,dé,,apparatus-split,3/8,,,,33,19,"3,12,13,14,22,23,29,30,31,39,42,44,46,52,56,61,62,64,74",3,74,6.23,
能,néng,can,apparatus,6/11,,,,33,17,"7,8,9,10,14,15,22,23,32,34,37,63,66,67,70,77,78",7,78,6.23,
自,zì,,apparatus-split,4/11,,,,33,18,"7,9,17,21,22,23,24,25,32,33,34,37,39,51,57,64,72,73",7,73,6.23,
則,zé,then/thus,apparatus,14/14,,,,32,17,"3,22,26,28,30,31,38,55,59,61,64,67,70,72,73,76,77",3,77,6.04,
民,mín,people,apparatus,4/4,,,,32,13,"3,10,19,32,57,58,64,65,66,72,74,75,80",3,80,6.04,
聖,shèng,sageliness,apparatus,1/1,,,,31,26,"2,3,5,7,12,19,22,27,28,29,47,49,57,58,60,63,64,66,70,71,72,73,77,78,79,81",2,81,5.85,
夫,Fū,Now then,apparatus,2/2,,,,30,23,"2,3,8,15,16,22,31,32,37,38,41,50,51,59,60,61,63,67,70,71,72,74,75",2,75,5.66,
常,cháng,the ever-present / the abiding,locked,,the ever-present / the abiding,locked,eternal; everlasting; the eternal,30,19,"1,3,16,27,28,32,34,37,46,48,49,51,52,55,61,64,65,74,79",1,79,5.66,glossary/chang-常.md
兮,xī,oh,apparatus,24/24,,,,28,9,"4,14,15,17,20,21,25,34,58",4,58,5.29,
所,suǒ,,apparatus-split,1/2,,,,26,18,"7,8,13,19,20,22,30,33,42,50,58,61,62,64,66,72,73,80",7,80,4.91,
欲,yù,,apparatus-split,1/2,,,,26,15,"1,3,15,19,29,34,36,37,39,46,57,61,64,66,77",1,77,4.91,
國,guó,state,apparatus,2/2,,,,25,10,"10,18,36,57,59,60,61,65,78,80",10,80,4.72,
名,míng,,apparatus-split,4/8,,,,23,9,"1,14,21,25,32,34,37,41,44",1,44,4.34,
將,jiāng,that is about to,apparatus,1/1,,,,23,10,"15,29,31,32,36,37,39,42,65,67",15,67,4.34,
身,shēn,body/self,apparatus,5/9,,,,23,9,"7,9,13,16,26,44,52,54,66",7,66,4.34,
吾,Wú,the self seeing,locked,,the self seeing,locked,,22,15,"4,13,16,21,25,29,37,42,43,49,54,57,69,70,74",4,74,4.15,glossary/wo-wu-我吾.md
強,qiáng,"strong — *strengthen* where it takes an object, *forcing* where it strains against a thing's nature",locked,,"strong — *strengthen* where it takes an object, *forcing* where it strains against a thing's nature",locked,mighty; forceful; brute strength; perseverance,22,12,"3,15,25,29,30,33,36,42,52,55,76,78",3,78,4.15,glossary/qiang-強.md
曰,yuē,called,apparatus,7/12,,,,22,8,"14,16,24,25,52,55,62,67",14,67,4.15,
用,yòng,use,covers,,use,locked,,22,15,"4,6,11,27,28,31,35,40,45,50,52,57,68,69,80",4,80,4.15,glossary/wu-you-無有.md
貴,guì,,apparatus-split,2/8,,,,22,15,"3,9,13,17,20,27,31,39,51,56,62,64,70,72,75",3,75,4.15,
事,shì,"affairs / undertakings (noun) · to serve, to attend to (verb)",locked,,"affairs / undertakings (noun) · to serve, to attend to (verb)",locked,techniques; processes,21,14,"2,8,17,23,30,31,48,52,57,59,61,63,64,70",2,70,3.97,glossary/shi-事.md
萬,wàn,countless,covers,,countless,locked,,21,17,"1,2,4,5,8,16,26,32,34,37,39,40,42,51,62,64,76",1,76,3.97,glossary/wanwu-萬物.md
言,yán,,apparatus-split,3/6,,,,21,18,"2,5,8,17,22,23,27,31,41,43,56,62,66,69,70,73,78,81",2,81,3.97,
莫,mò,no one,apparatus,2/2,,,,20,11,"9,22,32,38,46,51,59,66,69,70,78",9,78,3.78,
行,xíng,,apparatus-split,2/7,,,,20,17,"2,12,24,25,26,27,29,33,41,47,50,53,62,64,69,70,78",2,78,3.78,
上,Shàng,,apparatus-split,1/3,,,,19,10,"8,14,17,31,38,41,66,71,75,76",8,76,3.59,
我,Wǒ,the self seen,locked,,the self seen,locked,,19,7,"17,20,42,53,57,67,70",17,70,3.59,glossary/wo-wu-我吾.md
足,zú,,apparatus-split,2/4,,,,19,12,"17,19,23,28,33,35,41,44,46,48,64,77",17,77,3.59,
地,dì,earth,apparatus,5/7,,,,18,10,"1,5,6,7,8,23,25,32,39,50",1,50,3.4,
或,huò,sometimes,apparatus,7/10,,,,18,7,"4,24,29,31,42,61,73",4,73,3.4,
死,sǐ,,apparatus-split,1/2,,,,18,9,"6,33,42,50,67,74,75,76,80",6,80,3.4,
失,Shī,,apparatus-split,2/8,,,,17,8,"13,23,26,29,33,38,64,73",13,73,3.21,
成,chéng,,apparatus-split,2/4,,,,17,14,"2,7,15,17,25,34,41,45,47,51,63,64,67,77",2,77,3.21,
勝,Shèng,One who overcomes/defeats,apparatus,2/3,,,,16,11,"31,33,36,45,61,67,68,69,73,76,78",31,78,3.02,
唯,wéi,Agreement/yes,apparatus,1/1,,,,16,15,"2,8,15,20,22,41,42,53,59,67,70,71,72,75,77",2,77,3.02,
此,Cǐ,this,apparatus,4/6,,,,16,15,"1,12,14,15,19,21,23,38,39,54,57,62,65,72,73",1,73,3.02,
長,cháng,,apparatus-split,1/5,,,,16,12,"2,7,9,10,22,24,28,44,51,54,59,67",2,67,3.02,
一,yī,the one (lowercase) · one thing (ch 22) · plain numeral where it counts,locked,,the one (lowercase) · one thing (ch 22) · plain numeral where it counts,locked,the One; Oneness; the Absolute,15,8,"10,11,14,22,25,39,42,67",10,67,2.83,glossary/yi-一.md
信,xìn,trust / trustworthy,locked,,trust / trustworthy,locked,faith; sincerity; belief,15,8,"8,17,21,23,38,49,63,81",8,81,2.83,glossary/xin-信.md
復,Fù,,apparatus-split,1/3,,,,15,8,"14,16,19,28,52,58,64,80",14,80,2.83,
與,yǔ,,apparatus-split,2/4,,,,15,12,"8,20,22,35,36,44,65,66,68,77,79,81",8,81,2.83,
處,chǔ,,apparatus-split,2/4,,,,15,10,"2,8,24,26,30,31,38,66,76,77",2,77,2.83,
也,yě,particle,apparatus,3/4,,,,14,9,"3,20,24,29,32,53,55,67,76",3,76,2.64,
何,Hé,What,apparatus,3/3,,,,14,9,"13,20,21,26,50,54,57,62,74",13,74,2.64,
多,Duō,Many/much,apparatus,1/1,,,,14,8,"5,22,44,57,63,65,75,81",5,81,2.64,
必,bì,must,apparatus,1/1,,,,14,6,"30,36,44,63,66,79",30,79,2.64,
相,xiāng,,none,,,,,14,6,"2,20,32,60,69,80",2,80,2.64,
見,jiàn,,apparatus-split,3/7,,,,14,11,"3,14,19,22,24,29,35,47,52,72,77",3,77,2.64,
亦,yì,also,apparatus,4/4,,,,13,9,"23,25,32,37,42,49,50,60,65",23,65,2.45,
明,Míng,clear-seeing / clarity,locked,,clear-seeing / clarity,locked,enlightenment; illumination; brilliance,13,12,"10,16,22,24,27,33,36,41,47,52,55,65",10,65,2.45,glossary/ming-明.md
治,zhì,,apparatus-split,1/2,,,,13,9,"3,8,10,57,59,60,64,65,75",3,75,2.45,
王,wáng,ruler / sovereign · to rule (verb),locked,,ruler / sovereign · to rule (verb),locked, king; kings; monarch; emperor,13,8,"16,25,32,37,39,42,66,78",16,78,2.45,glossary/wang-王.md
難,nán,Hard,apparatus,1/1,,,,13,8,"2,3,12,63,64,65,73,75",2,75,2.45,
乃,nǎi,leads to,apparatus,5/6,,,,12,4,"16,28,54,65",16,65,2.27,
兵,bīng,,apparatus-split,1/2,,,,12,7,"30,31,50,57,69,76,80",30,80,2.27,
取,qǔ,,apparatus-split,1/3,,,,12,8,"12,29,30,38,48,57,61,72",12,72,2.27,
器,qì,vessel / tool / implement,locked,,vessel / tool / implement,locked,system; mechanism; machine; utensil,12,9,"11,28,29,31,36,41,57,67,80",11,80,2.27,glossary/qi-器.md
然,rán,,none,,,,,12,12,"17,23,25,26,51,53,54,57,64,65,73,77",17,77,2.27,
玄,xuán,dark or profound,locked,,dark or profound,locked,mystery; mysterious; the occult,12,7,"1,6,10,15,51,56,65",1,65,2.27,glossary/xuan-miao-玄妙.md
三,Sān,three,apparatus,2/2,,,,11,7,"11,14,19,42,50,62,67",11,67,2.08,
使,shǐ,,none,,,,,11,5,"3,53,55,74,80",3,80,2.08,
同,tóng,merge/identify,apparatus,2/3,,,,11,4,"1,4,23,56",1,56,2.08,
守,shǒu,,apparatus-split,3/6,,,,11,8,"5,9,16,28,32,37,52,67",5,67,2.08,
居,jū,,apparatus-split,2/5,,,,11,7,"2,8,25,31,38,72,80",2,80,2.08,
後,hòu,,apparatus-split,1/2,,,,11,8,"2,7,14,30,38,65,66,67",2,67,2.08,
易,yì,,none,,,,,11,5,"2,63,64,70,78",2,78,2.08,
柔,róu,suppleness/softness,apparatus,1/1,,,,11,7,"10,36,43,52,55,76,78",10,78,2.08,
歸,guī,return,apparatus,2/3,,,,11,8,"14,16,20,22,28,34,52,60",14,60,2.08,
久,jiǔ,,apparatus-split,1/4,,,,10,8,"7,16,23,33,44,58,59,67",7,67,1.89,
乎,hū,question particle,apparatus,1/1,,,,10,5,"5,10,23,35,39",5,39,1.89,
利,lì,advantage,covers,,advantage,locked,,10,9,"8,11,19,36,53,56,57,73,81",8,81,1.89,glossary/wu-you-無有.md
去,qù,,apparatus-split,2/5,,,,10,7,"2,12,20,21,29,38,72",2,72,1.89,
如,rú,Like,apparatus,3/4,,,,10,7,"5,9,10,20,39,62,64",5,64,1.89,
孰,Shú,Who,apparatus,3/3,,,,10,7,"15,23,44,58,73,74,77",15,77,1.89,
小,xiǎo,small,apparatus,1/1,,,,10,7,"32,34,52,60,61,63,80",32,80,1.89,
弱,ruò,yielding — and *weaken* only where it takes an object,locked,,yielding — and *weaken* only where it takes an object,locked,frail; feeble; feebleness; powerless,10,6,"3,36,40,55,76,78",3,78,1.89,glossary/ruo-弱.md
心,xīn,heart,locked,,heart,locked,mind; heart-mind; the wise core; consciousness,10,6,"3,8,12,20,49,55",3,55,1.89,glossary/xin-心.md
敢,gǎn,push / venture — the forward press to take,locked,,push / venture — the forward press to take,locked,dare; dares; dared; daring,10,7,"3,30,64,67,69,73,74",3,74,1.89,glossary/gan-敢.md
爭,zhēng,contend / contention,locked,,contend / contention,locked,compete; competes; competing; competition,10,7,"3,8,22,66,68,73,81",3,81,1.89,glossary/zheng-爭.md
矣,yǐ,particle,apparatus,1/1,,,,10,7,"31,46,63,65,67,69,74",31,74,1.89,
終,zhōng,last the whole,apparatus,2/3,,,,10,7,"23,26,34,52,55,63,64",23,64,1.89,
谷,Gǔ,,apparatus-split,2/4,,,,10,7,"6,15,28,32,39,41,66",6,66,1.89,
靜,jìng,,apparatus-split,1/4,,,,10,7,"15,16,26,37,45,57,61",15,61,1.89,
非,fēi,they are not,apparatus,1/1,,,,10,7,"1,7,31,39,53,60,65",1,65,1.89,
執,Zhí,,apparatus-split,1/2,,,,9,7,"14,29,35,64,69,74,79",14,79,1.7,
子,zǐ,,none,,,,,9,7,"4,26,31,52,54,55,62",4,62,1.7,
已,yǐ,,apparatus-split,1/3,,,,9,6,"2,9,29,30,31,55",2,55,1.7,
殺,shā,in killing,apparatus,1/1,,,,9,3,"31,73,74",31,74,1.7,
焉,yān,here,apparatus,5/7,,,,9,7,"17,23,25,30,34,49,60",17,60,1.7,
甚,shèn,,apparatus-split,1/2,,,,9,5,"21,29,44,53,70",21,70,1.7,
病,bìng,,none,,,,,9,2,"44,71",44,71,1.7,
盈,yíng,,apparatus-split,1/4,,,,9,7,"2,4,9,15,22,39,45",2,45,1.7,
眾,zhòng,the crowd / the many,locked,,the crowd / the many,locked,the masses; the multitude; the people,9,6,"1,8,20,21,31,64",1,64,1.7,glossary/zhong-眾.md
美,měi,glorifying/beautifying,apparatus,1/1,,,,9,5,"2,31,62,80,81",2,81,1.7,
觀,guān,,apparatus-split,1/2,,,,9,4,"1,16,26,54",1,54,1.7,
餘,yú,leftover/surplus,apparatus,1/1,,,,9,6,"20,24,53,54,77,79",20,79,1.7,
仁,rén,humaneness,locked,,humaneness,locked,benevolence; charity; goodwill,8,5,"5,8,18,19,38",5,38,1.51,glossary/ren-仁.md
令,lìng,cause,apparatus,4/6,,,,8,4,"12,19,32,57",12,57,1.51,
先,xiān,,apparatus-split,1/2,,,,8,6,"4,7,25,62,66,67",4,67,1.51,
古,gǔ,ancient,apparatus,3/4,,,,8,7,"14,15,21,22,62,65,68",14,68,1.51,
和,hé,harmonious,apparatus,1/1,,,,8,7,"2,4,18,42,55,56,79",2,79,1.51,
固,gù,,none,,,,,8,5,"36,55,58,59,67",36,67,1.51,
始,shǐ,beginnings/origins,apparatus,1/1,,,,8,7,"1,2,14,32,38,52,64",1,64,1.51,
損,sǔn,,none,,,,,8,3,"42,48,77",42,77,1.51,
智,zhì,,apparatus-split,1/4,,,,8,6,"3,18,19,27,33,65",3,65,1.51,
樂,lè,glad/happy,apparatus,3/4,,,,8,5,"23,31,35,66,80",23,80,1.51,
樸,pǔ,uncarved wood / the uncarved,locked,,uncarved wood / the uncarved,locked,uncarved block; simplicity; purity,8,6,"15,19,28,32,37,57",15,57,1.51,glossary/pu-樸.md
畏,wèi,fear,apparatus,3/4,,,,8,6,"15,17,20,53,72,74",15,74,1.51,
皆,jiē,all,apparatus,3/3,,,,8,5,"2,17,20,49,67",2,67,1.51,
神,shén,,apparatus-split,1/2,,,,8,4,"6,29,39,60",6,60,1.51,
至,zhì,,none,,,,,8,6,"43,48,55,65,72,80",43,80,1.51,
輕,qīng,,apparatus-split,1/2,,,,8,4,"26,63,69,75",26,75,1.51,
中,zhōng,,none,,,,,7,4,"5,21,25,41",5,41,1.32,
作,zuò,,apparatus-split,1/2,,,,7,5,"2,16,37,55,63",2,63,1.32,
出,chū,emerge,apparatus,1/1,,,,7,6,"1,5,18,35,47,50",1,50,1.32,
功,gōng,,apparatus-split,2/5,,,,7,7,"2,9,17,22,24,34,77",2,77,1.32,
哉,zāi,alas,apparatus,3/3,,,,7,6,"20,21,22,53,54,57",20,57,1.32,
惡,è,,apparatus-split,2/4,,,,7,7,"2,8,20,24,31,42,73",2,73,1.32,
慈,cí,tenderness,locked,,tenderness,locked,compassion; mercy; maternal love; filial piety,7,3,"18,19,67",18,67,1.32,glossary/ci-慈.md
未,wèi,,apparatus-split,1/3,,,,7,3,"20,55,64",20,64,1.32,
正,zhèng,,none,,,,,7,5,"37,45,57,58,78",37,78,1.32,
母,mǔ,mother,locked,,mother,locked,the Source; the Origin; the Ground of Being,7,5,"1,20,25,52,59",1,59,1.32,glossary/mu-母.md
獨,dú,alone,apparatus,6/7,,,,7,2,"20,25",20,25,1.32,
百,bǎi,hundred,apparatus,2/2,,,,7,5,"5,17,19,49,66",5,66,1.32,
聞,wén,hearing,apparatus,1/1,,,,7,5,"14,35,41,50,80",14,80,1.32,
主,zhǔ,,apparatus-split,1/4,,,,6,5,"26,30,34,69,78",26,78,1.13,
君,jūn,master/ruler,apparatus,2/2,,,,6,3,"26,31,70",26,70,1.13,
希,xī,,apparatus-split,1/2,,,,6,6,"14,23,41,43,70,74",14,74,1.13,
恐,kǒng,,none,,,,,6,1,39,39,39,1.13,
抱,bào,,apparatus-split,1/3,,,,6,6,"10,19,22,42,54,64",10,64,1.13,
既,jì,,none,,,,,6,4,"32,35,52,81",32,81,1.13,
日,rì,day,apparatus,2/2,,,,6,5,"23,26,48,55,58",23,58,1.13,
果,guǒ,,apparatus-split,3/6,,,,6,1,30,30,30,1.13,
棄,qì,abandon,apparatus,2/3,,,,6,3,"19,27,62",19,62,1.13,
極,jí,extreme/limit,apparatus,1/1,,,,6,5,"16,28,58,59,68",16,68,1.13,
猶,yóu,,apparatus-split,1/2,,,,6,6,"5,15,32,63,73,77",5,77,1.13,
益,yì,,none,,,,,6,4,"42,43,48,55",42,55,1.13,
辱,rǔ,,apparatus-split,1/2,,,,6,4,"13,28,41,44",13,44,1.13,
重,Zhòng,Heavy/mass,apparatus,1/1,,,,6,4,"26,59,66,80",26,80,1.13,
雖,Suī,,apparatus-split,1/2,,,,6,5,"26,27,32,62,80",26,80,1.13,
且,qiě,long-lasting and,apparatus,1/1,,,,5,3,"7,41,67",7,67,0.94,
似,sì,seem,apparatus,1/1,,,,5,3,"4,20,67",4,67,0.94,
侯,Hóu,ruler (inside 侯王),covers,,ruler (inside 侯王),locked,,5,3,"32,37,39",32,39,0.94,glossary/wang-王.md
修,Xiū,,none,,,,,5,1,54,54,54,0.94,
傷,shāng,,none,,,,,5,2,"60,74",60,74,0.94,
兩,liǎng,,none,,,,,5,5,"1,60,61,65,73",1,73,0.94,
動,dòng,,apparatus-split,1/2,,,,5,5,"5,8,15,40,50",5,50,0.94,
厚,hòu,,none,,,,,5,5,"38,44,50,55,75",38,75,0.94,
厭,yàn,,none,,,,,5,3,"53,66,72",53,72,0.94,
士,shì,scholars/officers,apparatus,1/1,,,,5,3,"15,41,68",15,68,0.94,
安,ān,take the calm/at rest,apparatus,1/1,,,,5,5,"15,35,64,79,80",15,80,0.94,
害,hai,,none,,,,,5,5,"35,56,66,73,81",35,81,0.94,
家,jiā,family/nation,apparatus,1/1,,,,5,3,"18,54,57",18,57,0.94,
容,róng,,apparatus-split,1/4,,,,5,4,"15,16,21,50",15,50,0.94,
寡,guǎ,diminish,apparatus,1/1,,,,5,5,"19,39,42,63,80",19,80,0.94,
左,zuǒ,,apparatus-split,1/2,,,,5,3,"31,34,79",31,79,0.94,
式,shì,model/pattern,apparatus,3/3,,,,5,3,"22,28,65",22,65,0.94,
弗,fú,,none,,,,,5,1,2,2,2,0.94,
恃,shì,rely on — the heart putting its weight on something,locked,,rely on — the heart putting its weight on something,locked,presume; presuming; dependency,5,5,"2,10,34,51,77",2,77,0.94,glossary/shi-恃.md
愛,Ài,loving/cherishing,apparatus,1/1,,,,5,5,"10,13,27,44,72",10,72,0.94,
敗,bài,ruin,apparatus,1/1,,,,5,2,"29,64",29,64,0.94,
教,jiào,,none,,,,,5,3,"2,42,43",2,43,0.94,
根,gēn,root,apparatus,2/3,,,,5,4,"6,16,26,59",6,59,0.94,
止,zhǐ,stopping point,apparatus,1/1,,,,5,4,"20,32,35,44",20,44,0.94,
殆,dài,danger/exhaustion,apparatus,2/3,,,,5,5,"16,25,32,44,52",16,52,0.94,
法,fǎ,models/follows the law of,apparatus,3/4,,,,5,2,"25,57",25,57,0.94,
牝,pìn,female,apparatus,1/1,,,,5,3,"6,55,61",6,61,0.94,
禮,lǐ,,none,,,,,5,2,"31,38",31,38,0.94,
義,yì,righteousness,apparatus,2/2,,,,5,3,"18,19,38",18,38,0.94,
致,zhì,,apparatus-split,1/2,,,,5,4,"10,14,16,39",10,39,0.94,
虛,xū,empty,apparatus,1/1,,,,5,5,"3,5,16,22,53",3,53,0.94,
親,qīn,,apparatus-split,1/2,,,,5,5,"17,18,44,56,79",17,79,0.94,
象,xiàng,,apparatus-split,1/2,,,,5,5,"4,14,21,35,41",4,41,0.94,
貨,huò,goods/wealth,apparatus,1/1,,,,5,5,"3,12,44,53,64",3,64,0.94,
遠,yuǎn,,apparatus-split,1/2,,,,5,4,"25,47,65,80",25,80,0.94,
門,mén,,apparatus-split,1/2,,,,5,5,"1,6,10,52,56",1,56,0.94,
食,shí,,apparatus-split,1/2,,,,5,5,"20,24,53,75,80",20,80,0.94,
驚,jīng,alarm,apparatus,3/4,,,,5,1,13,13,13,0.94,
亂,luàn,,none,,,,,4,4,"3,18,38,64",3,64,0.76,
亡,wáng,perish,apparatus,1/1,,,,4,3,"33,41,44",33,44,0.76,
保,bǎo,,apparatus-split,1/2,,,,4,4,"9,15,62,67",9,67,0.76,
光,guāng,,none,,,,,4,4,"4,52,56,58",4,58,0.76,
入,rù,,none,,,,,4,3,"43,50,61",43,61,0.76,
公,gōng,impartiality / impartial (the quality) · lord / minister (the office),locked,,impartiality / impartial (the quality) · lord / minister (the office),locked,duke; equanimity; justice,4,3,"16,42,62",16,62,0.76,glossary/gong-公.md
勇,yǒng,,none,,,,,4,2,"67,73",67,73,0.76,
勿,wù,do not,apparatus,4/4,,,,4,1,30,30,30,0.76,
十,shí,,none,,,,,4,2,"11,50",11,50,0.76,
及,Jí,,apparatus-split,1/2,,,,4,4,"13,21,43,48",13,48,0.76,
反,fǎn,returning/reverting,apparatus,1/1,,,,4,4,"25,40,65,78",25,78,0.76,
右,yòu,,apparatus-split,1/2,,,,4,2,"31,34",31,34,0.76,
司,sī,,none,,,,,4,2,"74,79",74,79,0.76,
味,wèi,flavors/tastes,apparatus,1/1,,,,4,3,"12,35,63",12,63,0.76,
堅,jiān,,none,,,,,4,3,"43,76,78",43,78,0.76,
奇,jī,,none,,,,,4,3,"57,58,74",57,74,0.76,
妙,miào,subtle,locked,,subtle,locked,mystery; mysterious; the occult,4,3,"1,15,27",1,27,0.76,glossary/xuan-miao-玄妙.md
姓,xìng,surnames/people,apparatus,1/1,,,,4,3,"5,17,49",5,49,0.76,
存,cún,,apparatus-split,1/2,,,,4,4,"4,6,7,41",4,41,0.76,
學,xué,study/learning,apparatus,1/1,,,,4,3,"20,48,64",20,64,0.76,
察,chá,,none,,,,,4,2,"20,58",20,58,0.76,
寵,Chǒng,,apparatus-split,1/2,,,,4,1,13,13,13,0.76,
少,Shǎo,,apparatus-split,1/2,,,,4,4,"19,22,47,63",19,63,0.76,
尚,shàng,still,apparatus,1/1,,,,4,3,"3,23,31",3,31,0.76,
幾,jī,it is close/near,apparatus,1/1,,,,4,4,"8,20,64,69",8,69,0.76,
徒,tú,,none,,,,,4,2,"50,76",50,76,0.76,
微,wēi,,apparatus-split,1/2,,,,4,4,"14,15,36,64",14,64,0.76,
恍,huǎng,,apparatus-split,1/3,,,,4,2,"14,21",14,21,0.76,
患,huàn,,apparatus-split,1/2,,,,4,1,13,13,13,0.76,
悶,mèn,,none,,,,,4,2,"20,58",20,58,0.76,
惚,hū,,apparatus-split,1/3,,,,4,2,"14,21",14,21,0.76,
救,jiù,,none,,,,,4,3,"27,52,67",27,67,0.76,
敵,dí,,none,,,,,4,2,"68,69",68,69,0.76,
早,zǎo,,none,,,,,4,3,"30,55,59",30,59,0.76,
昏,hūn,,none,,,,,4,3,"18,20,57",18,57,0.76,
服,Fú,,none,,,,,4,3,"53,59,80",53,80,0.76,
清,qīng,make it clear,apparatus,1/1,,,,4,3,"15,39,45",15,45,0.76,
畜,xù,nourishing/rearing,apparatus,1/1,,,,4,3,"10,51,61",10,61,0.76,
盜,dào,thieves,apparatus,1/1,,,,4,4,"3,19,53,57",3,57,0.76,
祥,xiáng,,none,,,,,4,3,"31,55,78",31,78,0.76,
禍,Huò,,none,,,,,4,3,"46,58,69",46,69,0.76,
絕,Jué,,apparatus-split,2/4,,,,4,2,"19,20",19,20,0.76,
繩,Shéng,,none,,,,,4,3,"14,27,80",14,80,0.76,
軍,jūn,army/campaign,apparatus,1/1,,,,4,3,"30,31,50",30,50,0.76,
過,guo,,none,,,,,4,3,"35,61,64",35,64,0.76,
高,gāo,,none,,,,,4,3,"2,39,77",2,77,0.76,
二,èr,,none,,,,,3,2,"42,67",42,67,0.57,
五,Wǔ,Five,apparatus,3/3,,,,3,1,12,12,12,0.57,
今,jīn,,apparatus-split,1/2,,,,3,3,"14,21,67",14,67,0.57,
代,dài,,none,,,,,3,1,74,74,74,0.57,
伐,fá,,apparatus-split,1/3,,,,3,3,"22,24,30",22,30,0.57,
俗,Sú,,none,,,,,3,2,"20,80",20,80,0.57,
儉,jiǎn,,none,,,,,3,1,67,67,67,0.57,
兌,duì,,none,,,,,3,2,"52,56",52,56,0.57,
兒,ér,,none,,,,,3,3,"10,20,28",10,28,0.57,
全,quán,whole · stay whole · keep whole (transitive),locked,,whole · stay whole · keep whole (transitive),locked,complete; perfect; flawless; restore; made whole,3,1,22,22,22,0.57,glossary/quan-全.md
凶,xiōng,,apparatus-split,1/2,,,,3,3,"16,30,31",16,31,0.57,
前,qián,,none,,,,,3,3,"2,38,66",2,66,0.57,
勤,qín,it is not exhausted/toilsome,apparatus,1/1,,,,3,3,"6,41,52",6,52,0.57,
化,huà,,none,,,,,3,2,"37,57",37,57,0.57,
合,hé,,none,,,,,3,3,"32,55,64",32,64,0.57,
命,mìng,destiny/the system's command,apparatus,1/1,,,,3,2,"16,51",16,51,0.57,
喪,sàng,,none,,,,,3,2,"31,69",31,69,0.57,
四,sì,four,apparatus,1/1,,,,3,3,"10,15,25",10,25,0.57,
在,zài,place in,apparatus,1/1,,,,3,3,"24,32,49",24,49,0.57,
太,Tài,,none,,,,,3,3,"17,20,35",17,35,0.57,
夷,yí,invisible/colorless,apparatus,1/1,,,,3,3,"14,41,53",14,53,0.57,
好,hào,prone to/tend to,apparatus,1/1,,,,3,3,"30,53,57",30,57,0.57,
嬰,yīng,,none,,,,,3,3,"10,20,28",10,28,0.57,
客,kè,guest,apparatus,1/1,,,,3,3,"15,35,69",15,69,0.57,
富,fù,,apparatus-split,1/2,,,,3,3,"9,33,57",9,57,0.57,
寶,bǎo,,none,,,,,3,3,"62,67,69",62,69,0.57,
尊,zūn,,none,,,,,3,2,"51,62",51,62,0.57,
巧,qiǎo,skill/cunning,apparatus,1/1,,,,3,3,"19,45,57",19,57,0.57,
師,shī,teacher/master,apparatus,2/2,,,,3,2,"27,30",27,30,0.57,
廣,Guǎng,,none,,,,,3,2,"41,67",41,67,0.57,
建,jiàn,,none,,,,,3,2,"41,54",41,54,0.57,
彌,mí,,none,,,,,3,2,"47,57",47,57,0.57,
形,xíng,,none,,,,,3,3,"2,41,51",2,51,0.57,
彰,zhāng,prominent/manifest,apparatus,2/2,,,,3,3,"22,24,57",22,57,0.57,
彼,bǐ,that,apparatus,1/1,,,,3,3,"12,38,72",12,72,0.57,
往,wang,,none,,,,,3,2,"35,80",35,80,0.57,
從,cóng,,apparatus-split,1/2,,,,3,3,"21,23,64",21,64,0.57,
志,zhì,,apparatus-split,1/2,,,,3,3,"3,31,33",3,33,0.57,
怨,yuàn,,none,,,,,3,2,"63,79",63,79,0.57,
惟,wéi,,apparatus-split,1/2,,,,3,1,21,21,21,0.57,
愈,yù,,none,,,,,3,2,"5,81",5,81,0.57,
愚,yú,,none,,,,,3,3,"20,38,65",20,65,0.57,
戰,zhàn,,none,,,,,3,3,"31,67,68",31,68,0.57,
持,Chí,Holding/grasping,apparatus,1/1,,,,3,3,"9,64,67",9,67,0.57,
挫,Cuò,supported/safe,apparatus,1/1,,,,3,3,"4,29,56",4,56,0.57,
捨,shě,,none,,,,,3,1,67,67,67,0.57,
政,zhèng,in governing,apparatus,1/1,,,,3,2,"8,58",8,58,0.57,
木,mù,,none,,,,,3,2,"64,76",64,76,0.57,
本,běn,root/foundation,apparatus,1/1,,,,3,2,"26,39",26,39,0.57,
次,cì,,none,,,,,3,1,17,17,17,0.57,
歙,xì,,none,,,,,3,2,"36,49",36,49,0.57,
氣,qì,vital breath,apparatus,1/1,,,,3,3,"10,42,55",10,55,0.57,
水,shuǐ,water,apparatus,1/1,,,,3,2,"8,78",8,78,0.57,
沖,chōng,,none,,,,,3,3,"4,42,45",4,45,0.57,
海,hǎi,sea,apparatus,1/1,,,,3,3,"20,32,66",20,66,0.57,
深,Shēn,So deep,apparatus,1/1,,,,3,3,"15,59,65",15,65,0.57,
淵,Yuān,good at depth/abyss,apparatus,1/1,,,,3,3,"4,8,36",4,36,0.57,
混,hùn,,apparatus-split,1/3,,,,3,3,"14,15,25",14,25,0.57,
滋,zī,,none,,,,,3,1,57,57,57,0.57,
狀,zhuàng,shape/form,apparatus,2/3,,,,3,2,"14,21",14,21,0.57,
玉,yù,jade,apparatus,1/1,,,,3,3,"9,39,70",9,70,0.57,
當,dāng,just at,apparatus,1/1,,,,3,1,11,11,11,0.57,
白,bái,white/light,apparatus,1/1,,,,3,3,"10,28,41",10,41,0.57,
目,mù,eyes,apparatus,2/2,,,,3,2,"12,49",12,49,0.57,
直,zhí,straight,apparatus,1/1,,,,3,3,"22,45,58",22,58,0.57,
真,zhēn,real/true,apparatus,1/1,,,,3,3,"21,41,54",21,54,0.57,
矜,jīn,,apparatus-split,1/3,,,,3,3,"22,24,30",22,30,0.57,
福,fú,,none,,,,,3,2,"58,65",58,65,0.57,
私,sī,the private / the private self,covers,,the private / the private self,locked,,3,2,"7,19",7,19,0.57,glossary/gong-公.md
積,jī,,none,,,,,3,2,"59,81",59,81,0.57,
立,lì,,apparatus-split,1/2,,,,3,3,"24,25,62",24,62,0.57,
精,jīng,vital essence / essence,locked,,vital essence / essence,locked,primordial mass; soul; spirit,3,2,"21,55",21,55,0.57,glossary/jing-精.md
細,xì,,none,,,,,3,2,"63,67",63,67,0.57,
缺,quē,,none,,,,,3,2,"45,58",45,58,0.57,
老,lǎo,age/decay,apparatus,1/1,,,,3,3,"30,55,80",30,80,0.57,
聲,shēng,,none,,,,,3,3,"2,41,80",2,80,0.57,
肖,xiào,,none,,,,,3,1,67,67,67,0.57,
視,Shì,Looking at,apparatus,1/1,,,,3,3,"14,35,59",14,59,0.57,
解,jiě,untied,apparatus,1/1,,,,3,3,"4,27,56",4,56,0.57,
識,shí,,apparatus-split,1/2,,,,3,2,"15,38",15,38,0.57,
譽,yù,praise,apparatus,1/1,,,,3,2,"17,39",17,39,0.57,
賊,zéi,robbers,apparatus,1/1,,,,3,3,"19,57,65",19,65,0.57,
賢,xián,,none,,,,,3,3,"3,75,77",3,77,0.57,
賤,jiàn,,none,,,,,3,2,"39,56",39,56,0.57,
躁,zào,Restless/agitated,apparatus,1/1,,,,3,2,"26,45",26,45,0.57,
辯,biàn,,none,,,,,3,2,"45,81",45,81,0.57,
退,tuì,retreats/retires,apparatus,1/1,,,,3,3,"9,41,69",9,69,0.57,
進,jìn,,none,,,,,3,3,"41,62,69",41,69,0.57,
遺,yí,be left behind/lacking,apparatus,1/1,,,,3,3,"9,20,52",9,52,0.57,
邦,bāng,,none,,,,,3,1,54,54,54,0.57,
邪,xié,,none,,,,,3,3,"7,39,62",7,62,0.57,
鄉,xiāng,,none,,,,,3,1,54,54,54,0.57,
銳,ruì,sharpening,apparatus,1/1,,,,3,3,"4,9,56",4,56,0.57,
閉,bì,closing,apparatus,1/1,,,,3,3,"27,52,56",27,56,0.57,
開,kāi,,apparatus-split,1/2,,,,3,3,"10,27,52",10,52,0.57,
隨,suí,,apparatus-split,1/2,,,,3,3,"2,14,29",2,29,0.57,
離,lí,,apparatus-split,1/3,,,,3,3,"10,26,28",10,28,0.57,
音,yīn,tones/notes,apparatus,1/1,,,,3,3,"2,12,41",2,41,0.57,
馬,mǎ,,none,,,,,3,2,"46,62",46,62,0.57,
乘,shèng,,none,,,,,2,2,"26,80",26,80,0.38,
云,yún,,none,,,,,2,2,"57,78",57,78,0.38,
交,jiāo,,none,,,,,2,2,"60,61",60,61,0.38,
來,lái,,none,,,,,2,2,"73,80",73,80,0.38,
傫,Lěi,,none,,,,,2,1,20,20,20,0.38,
兆,zhào,showing signs/omens,apparatus,1/1,,,,2,2,"20,64",20,64,0.38,
克,kè,,none,,,,,2,1,59,59,59,0.38,
兕,sì,,none,,,,,2,1,50,50,50,0.38,
制,zhì,System/Administrator,apparatus,1/1,,,,2,2,"28,32",28,32,0.38,
剛,gāng,,none,,,,,2,2,"36,78",36,78,0.38,
割,gē,cut/carve,apparatus,1/1,,,,2,2,"28,58",28,58,0.38,
力,lì,force,covers,,force,locked,,2,2,"33,68",33,68,0.38,glossary/qiang-強.md
匠,jiàng,,none,,,,,2,1,74,74,74,0.38,
博,bó,,none,,,,,2,1,81,81,81,0.38,
又,yòu,,none,,,,,2,2,"1,48",1,48,0.38,
受,shòu,,none,,,,,2,1,78,78,78,0.38,
口,kǒu,mouths,apparatus,1/1,,,,2,2,"12,35",12,35,0.38,
各,Gè,Each,apparatus,1/1,,,,2,2,"16,61",16,61,0.38,
咎,jiù,disaster/blame,apparatus,1/1,,,,2,2,"9,46",9,46,0.38,
哀,āi,grief,apparatus,1/1,,,,2,2,"31,69",31,69,0.38,
嗇,sè,,none,,,,,2,1,59,59,59,0.38,
塞,Sè,,none,,,,,2,2,"52,56",52,56,0.38,
塵,chén,,none,,,,,2,2,"4,56",4,56,0.38,
壯,zhuàng,reaching peak strength,apparatus,1/1,,,,2,2,"30,55",30,55,0.38,
奈,Nài,,none,,,,,2,2,"26,74",26,74,0.38,
奉,fèng,,none,,,,,2,1,77,77,77,0.38,
契,qì,,none,,,,,2,1,79,79,79,0.38,
威,wēi,,none,,,,,2,1,72,72,72,0.38,
孝,xiào,devotion,covers,,devotion,locked,,2,2,"18,19",18,19,0.38,glossary/ci-慈.md
孤,gū,,none,,,,,2,2,"39,42",39,42,0.38,
孩,hái,smiled/giggled,apparatus,1/1,,,,2,2,"20,49",20,49,0.38,
宗,zōng,,none,,,,,2,2,"4,70",4,70,0.38,
室,shì,,apparatus-split,1/2,,,,2,1,11,11,11,0.38,
宰,zǎi,but not dominating/ruling,apparatus,1/1,,,,2,2,"10,51",10,51,0.38,
實,shí,,none,,,,,2,2,"3,38",3,38,0.38,
寧,níng,,none,,,,,2,1,39,39,39,0.38,
屈,qū,,none,,,,,2,2,"5,45",5,45,0.38,
川,chuān,river,apparatus,1/1,,,,2,2,"15,32",15,32,0.38,
己,jǐ,,none,,,,,2,1,81,81,81,0.38,
廢,fèi,abandoned/abolished,apparatus,1/1,,,,2,2,"18,36",18,36,0.38,
張,zhāng,,none,,,,,2,2,"36,77",36,77,0.38,
徐,xú,slowly,apparatus,2/2,,,,2,1,15,15,15,0.38,
忠,zhōng,loyalty,covers,,loyalty,locked,,2,2,"18,38",18,38,0.38,glossary/xin-信.md
恢,huī,,none,,,,,2,1,73,73,73,0.38,
應,yìng,,none,,,,,2,2,"38,73",38,73,0.38,
戶,hù,doors,apparatus,1/1,,,,2,2,"11,47",11,47,0.38,
扔,rēng,,none,,,,,2,2,"38,69",38,69,0.38,
搏,Bó,Grasping/reaching for,apparatus,1/1,,,,2,2,"14,55",14,55,0.38,
攘,rǎng,,none,,,,,2,2,"38,69",38,69,0.38,
散,sàn,scatters/is cut,apparatus,1/1,,,,2,2,"28,64",28,64,0.38,
數,shù,,none,,,,,2,2,"5,39",5,39,0.38,
文,wén,culture/adornment,apparatus,1/1,,,,2,2,"19,53",19,53,0.38,
斫,zhuó,,none,,,,,2,1,74,74,74,0.38,
斯,sī,,none,,,,,2,1,2,2,2,0.38,
新,xīn,,apparatus-split,1/2,,,,2,2,"15,22",15,22,0.38,
方,fāng,,none,,,,,2,2,"41,58",41,58,0.38,
昧,mèi,dark/obscure,apparatus,1/1,,,,2,2,"14,41",14,41,0.38,
昭,zhāo,,none,,,,,2,1,20,20,20,0.38,
曲,Qū,bend / bent,covers,,bend / bent,locked,,2,1,22,22,22,0.38,glossary/quan-全.md
朝,zhāo,morning,apparatus,1/1,,,,2,2,"23,53",23,53,0.38,
榮,róng,,apparatus-split,1/2,,,,2,2,"26,28",26,28,0.38,
毒,dú,,none,,,,,2,2,"51,55",51,55,0.38,
求,qiú,,none,,,,,2,2,"62,75",62,75,0.38,
江,jiāng,,none,,,,,2,2,"32,66",32,66,0.38,
沌,Dùn,,none,,,,,2,1,20,20,20,0.38,
没,Mò,,none,,,,,2,2,"16,52",16,52,0.38,
淡,dàn,,none,,,,,2,2,"31,35",31,35,0.38,
淳,chún,,none,,,,,2,1,58,58,58,0.38,
濁,zhuó,,apparatus-split,1/2,,,,2,1,15,15,15,0.38,
熙,xī,,none,,,,,2,1,20,20,20,0.38,
牖,yǒu,windows,apparatus,1/1,,,,2,2,"11,47",11,47,0.38,
牡,mǔ,,none,,,,,2,2,"55,61",55,61,0.38,
狗,gǒu,,none,,,,,2,1,5,5,5,0.38,
珞,Luò,,none,,,,,2,1,39,39,39,0.38,
琭,lù,,none,,,,,2,1,39,39,39,0.38,
甘,gān,,none,,,,,2,2,"32,80",32,80,0.38,
甫,fǔ,origin/father,apparatus,1/1,,,,2,1,21,21,21,0.38,
甲,jiǎ,,none,,,,,2,2,"50,80",50,80,0.38,
異,yì,am different,apparatus,1/1,,,,2,2,"1,20",1,20,0.38,
疏,shū,,none,,,,,2,2,"56,73",56,73,0.38,
發,fā,,none,,,,,2,2,"12,39",12,39,0.38,
稽,jī,,none,,,,,2,1,65,65,65,0.38,
穀,gǔ,,none,,,,,2,2,"39,42",39,42,0.38,
窮,qióng,,none,,,,,2,2,"5,45",5,45,0.38,
笑,xiào,,none,,,,,2,1,41,41,41,0.38,
紛,fēn,,none,,,,,2,2,"4,56",4,56,0.38,
結,jié,tying/knotting,apparatus,1/1,,,,2,2,"27,80",27,80,0.38,
綿,Mián,,none,,,,,2,1,6,6,6,0.38,
耳,ěr,ears,apparatus,1/1,,,,2,2,"12,49",12,49,0.38,
聽,Tīng,Listening to,apparatus,1/1,,,,2,2,"14,35",14,35,0.38,
脆,cuì,,none,,,,,2,2,"64,76",64,76,0.38,
脫,tuō,,none,,,,,2,2,"36,54",36,54,0.38,
腹,fù,belly,covers,,belly,locked,,2,2,"3,12",3,12,0.38,glossary/xin-心.md
臂,bì,,none,,,,,2,2,"38,69",38,69,0.38,
臣,chén,,apparatus-split,1/2,,,,2,2,"18,32",18,32,0.38,
臺,tái,,none,,,,,2,2,"20,64",20,64,0.38,
芸,yún,,none,,,,,2,1,16,16,16,0.38,
芻,chú,,none,,,,,2,1,5,5,5,0.38,
華,huá,,none,,,,,2,1,38,38,38,0.38,
薄,bó,,none,,,,,2,1,38,38,38,0.38,
虎,hǔ,,none,,,,,2,1,50,50,50,0.38,
被,pèi,,none,,,,,2,2,"50,70",50,70,0.38,
補,bǔ,,none,,,,,2,1,77,77,77,0.38,
襲,xí,inheriting/wearing,apparatus,1/1,,,,2,2,"27,52",27,52,0.38,
謀,móu,,none,,,,,2,2,"64,73",64,73,0.38,
谿,xī,,apparatus-split,1/2,,,,2,1,28,28,28,0.38,
資,zī,raw material/resource,apparatus,2/2,,,,2,1,27,27,27,0.38,
起,qǐ,,none,,,,,2,2,"57,64",57,64,0.38,
迷,mí,confused/lost,apparatus,1/1,,,,2,2,"27,58",27,58,0.38,
逝,shì,,apparatus-split,1/2,,,,2,1,25,25,25,0.38,
遂,suì,,apparatus-split,1/2,,,,2,2,"9,17",9,17,0.38,
間,jiān,,none,,,,,2,2,"5,43",5,43,0.38,
除,chú,clearing,apparatus,1/1,,,,2,2,"10,53",10,53,0.38,
雌,cí,,apparatus-split,1/2,,,,2,2,"10,28",10,28,0.38,
靈,líng,,none,,,,,2,1,39,39,39,0.38,
飢,jī,,none,,,,,2,1,75,75,75,0.38,
養,yǎng,,none,,,,,2,2,"34,51",34,51,0.38,
首,shǒu,head/front,apparatus,1/1,,,,2,2,"14,38",14,38,0.38,
馳,Chí,,none,,,,,2,2,"12,43",12,43,0.38,
騁,chěng,,none,,,,,2,2,"12,43",12,43,0.38,
驕,jiāo,,apparatus-split,1/2,,,,2,2,"9,30",9,30,0.38,
骨,gǔ,,none,,,,,2,2,"3,55",3,55,0.38,
鬼,guǐ,,none,,,,,2,1,60,60,60,0.38,
丈,zhàng,,none,,,,,1,1,38,38,38,0.19,
並,bìng,simultaneously,apparatus,1/1,,,,1,1,16,16,16,0.19,
九,Jiǔ,,none,,,,,1,1,64,64,64,0.19,
享,xiǎng,,none,,,,,1,1,20,20,20,0.19,
亭,tíng,,none,,,,,1,1,51,51,51,0.19,
什,shí,,none,,,,,1,1,80,80,80,0.19,
介,jiè,,none,,,,,1,1,53,53,53,0.19,
企,Qǐ,Tiptoeing,apparatus,1/1,,,,1,1,24,24,24,0.19,
伎,jì,,none,,,,,1,1,57,57,57,0.19,
伏,fú,,none,,,,,1,1,58,58,58,0.19,
伯,bǎi,,none,,,,,1,1,80,80,80,0.19,
佐,zuǒ,assist,apparatus,1/1,,,,1,1,30,30,30,0.19,
佳,jiā,fine/beautiful,apparatus,1/1,,,,1,1,31,31,31,0.19,
侮,wǔ,despise/insult,apparatus,1/1,,,,1,1,17,17,17,0.19,
倉,cāng,,none,,,,,1,1,53,53,53,0.19,
倍,bèi,fold,apparatus,1/1,,,,1,1,19,19,19,0.19,
倚,yǐ,,none,,,,,1,1,58,58,58,0.19,
偏,Piān,,none,,,,,1,1,31,31,31,0.19,
偷,tōu,,none,,,,,1,1,41,41,41,0.19,
偽,wěi,hypocrisy/falseness,apparatus,1/1,,,,1,1,18,18,18,0.19,
儼,Yǎn,Reserved/dignified,apparatus,1/1,,,,1,1,15,15,15,0.19,
免,miǎn,,none,,,,,1,1,62,62,62,0.19,
六,Liù,six,apparatus,1/1,,,,1,1,18,18,18,0.19,
共,gòng,share/unite,apparatus,1/1,,,,1,1,11,11,11,0.19,
兼,jiān,,none,,,,,1,1,61,61,61,0.19,
冥,míng,obscure/dim,apparatus,1/1,,,,1,1,21,21,21,0.19,
冬,dōng,,none,,,,,1,1,15,15,15,0.19,
冰,bīng,ice,apparatus,1/1,,,,1,1,15,15,15,0.19,
刃,rèn,,none,,,,,1,1,50,50,50,0.19,
劌,guì,,none,,,,,1,1,58,58,58,0.19,
劍,jiàn,,none,,,,,1,1,53,53,53,0.19,
加,jiā,,none,,,,,1,1,62,62,62,0.19,
勢,shì,,none,,,,,1,1,51,51,51,0.19,
千,Qiān,,none,,,,,1,1,64,64,64,0.19,
卻,què,,none,,,,,1,1,46,46,46,0.19,
召,zhào,,none,,,,,1,1,73,73,73,0.19,
吉,Jí,,none,,,,,1,1,31,31,31,0.19,
含,Hán,,none,,,,,1,1,55,55,55,0.19,
吹,chuī,blow/breathe easy,apparatus,1/1,,,,1,1,29,29,29,0.19,
周,Zhōu,Circulating/everywhere,apparatus,1/1,,,,1,1,25,25,25,0.19,
嗄,shà,,none,,,,,1,1,55,55,55,0.19,
圖,Tú,,none,,,,,1,1,63,63,63,0.19,
土,tǔ,,none,,,,,1,1,64,64,64,0.19,
均,jūn,equalize/harmonize,apparatus,1/1,,,,1,1,32,32,32,0.19,
坐,zuò,,none,,,,,1,1,62,62,62,0.19,
垢,gòu,,none,,,,,1,1,78,78,78,0.19,
埏,Yán,Kneading,apparatus,1/1,,,,1,1,11,11,11,0.19,
域,Yù,,none,,,,,1,1,25,25,25,0.19,
埴,zhí,clay,apparatus,1/1,,,,1,1,11,11,11,0.19,
基,jī,,none,,,,,1,1,39,39,39,0.19,
堂,táng,hall,apparatus,1/1,,,,1,1,9,9,9,0.19,
報,bào,,none,,,,,1,1,63,63,63,0.19,
壽,shòu,has true longevity,apparatus,1/1,,,,1,1,33,33,33,0.19,
外,wài,puts outside,apparatus,1/1,,,,1,1,7,7,7,0.19,
央,yāng,reached the center/end,apparatus,1/1,,,,1,1,20,20,20,0.19,
夸,kuā,,none,,,,,1,1,53,53,53,0.19,
奢,shē,extravagant,apparatus,1/1,,,,1,1,29,29,29,0.19,
奧,ào,,none,,,,,1,1,62,62,62,0.19,
奪,duó,,none,,,,,1,1,36,36,36,0.19,
妄,Wàng,Recklessly,apparatus,1/1,,,,1,1,16,16,16,0.19,
妖,yāo,,none,,,,,1,1,58,58,58,0.19,
妨,fáng,be hindered/harmed,apparatus,1/1,,,,1,1,12,12,12,0.19,
孔,Kǒng,,none,,,,,1,1,21,21,21,0.19,
字,zì,style/character,apparatus,1/1,,,,1,1,25,25,25,0.19,
孫,sūn,,none,,,,,1,1,54,54,54,0.19,
官,guān,,none,,,,,1,1,28,28,28,0.19,
宜,yí,,none,,,,,1,1,61,61,61,0.19,
寂,Jì,Silent/still,apparatus,1/1,,,,1,1,25,25,25,0.19,
寄,jì,entrusted,apparatus,1/1,,,,1,1,13,13,13,0.19,
寒,hán,,none,,,,,1,1,45,45,45,0.19,
寥,liáo,empty/void,apparatus,1/1,,,,1,1,25,25,25,0.19,
寸,cùn,,none,,,,,1,1,69,69,69,0.19,
專,Zhuān,Concentrating,apparatus,1/1,,,,1,1,10,10,10,0.19,
尤,yóu,blame/fault,apparatus,1/1,,,,1,1,8,8,8,0.19,
尺,chǐ,,none,,,,,1,1,69,69,69,0.19,
層,céng,,none,,,,,1,1,64,64,64,0.19,
屬,shǔ,,none,,,,,1,1,19,19,19,0.19,
市,shì,,none,,,,,1,1,62,62,62,0.19,
帝,dì,,none,,,,,1,1,4,4,4,0.19,
帶,dài,,none,,,,,1,1,53,53,53,0.19,
平,ping,,none,,,,,1,1,35,35,35,0.19,
年,nián,year,apparatus,1/1,,,,1,1,30,30,30,0.19,
廉,lián,,none,,,,,1,1,58,58,58,0.19,
弊,bì,,none,,,,,1,1,45,45,45,0.19,
弓,gōng,,none,,,,,1,1,77,77,77,0.19,
徑,jìng,,none,,,,,1,1,53,53,53,0.19,
徙,xǐ,,none,,,,,1,1,80,80,80,0.19,
御,yù,manage/control,apparatus,1/1,,,,1,1,14,14,14,0.19,
徹,chè,,none,,,,,1,1,79,79,79,0.19,
徼,jiào,,none,,,,,1,1,1,1,1,0.19,
忌,jì,,none,,,,,1,1,57,57,57,0.19,
忒,tè,deviate/err,apparatus,1/1,,,,1,1,28,28,28,0.19,
怒,nù,,none,,,,,1,1,68,68,68,0.19,
恬,tián,,none,,,,,1,1,31,31,31,0.19,
悠,Yōu,Distant/careful,apparatus,1/1,,,,1,1,17,17,17,0.19,
悲,bēi,sorrow,apparatus,1/1,,,,1,1,31,31,31,0.19,
惑,huò,confused/deluded,apparatus,1/1,,,,1,1,22,22,22,0.19,
慎,Shèn,,none,,,,,1,1,64,64,64,0.19,
慧,huì,intelligence,apparatus,1/1,,,,1,1,18,18,18,0.19,
憂,yōu,sorrow/worries,apparatus,1/1,,,,1,1,20,20,20,0.19,
懷,huái,,none,,,,,1,1,70,70,70,0.19,
懼,jù,,none,,,,,1,1,74,74,74,0.19,
戎,róng,,none,,,,,1,1,46,46,46,0.19,
手,shǒu,,none,,,,,1,1,74,74,74,0.19,
抑,yì,,none,,,,,1,1,77,77,77,0.19,
投,tóu,,none,,,,,1,1,50,50,50,0.19,
抗,kàng,,none,,,,,1,1,69,69,69,0.19,
折,zhé,,none,,,,,1,1,76,76,76,0.19,
拔,bá,,none,,,,,1,1,54,54,54,0.19,
拙,zhuō,,none,,,,,1,1,45,45,45,0.19,
拱,gǒng,,none,,,,,1,1,62,62,62,0.19,
推,tuī,,none,,,,,1,1,66,66,66,0.19,
握,wò,,none,,,,,1,1,55,55,55,0.19,
揣,chuǎi,hammering/feeling,apparatus,1/1,,,,1,1,9,9,9,0.19,
據,jù,,none,,,,,1,1,55,55,55,0.19,
攝,shè,,none,,,,,1,1,50,50,50,0.19,
攫,jué,,none,,,,,1,1,55,55,55,0.19,
改,gǎi,changing/altering,apparatus,1/1,,,,1,1,25,25,25,0.19,
攻,gōng,,none,,,,,1,1,78,78,78,0.19,
敝,Bì,Worn out/old,apparatus,1/1,,,,1,1,22,22,22,0.19,
敦,Dūn,Solid/genuine,apparatus,1/1,,,,1,1,15,15,15,0.19,
施,shī,,none,,,,,1,1,53,53,53,0.19,
昔,Xī,,none,,,,,1,1,39,39,39,0.19,
春,chūn,in spring,apparatus,1/1,,,,1,1,20,20,20,0.19,
時,shí,good at timing,apparatus,1/1,,,,1,1,8,8,8,0.19,
晚,wǎn,,none,,,,,1,1,41,41,41,0.19,
普,pǔ,,none,,,,,1,1,54,54,54,0.19,
曠,Kuàng,Broad/expansive,apparatus,1/1,,,,1,1,15,15,15,0.19,
朘,zuī,,none,,,,,1,1,55,55,55,0.19,
望,wàng,,none,,,,,1,1,80,80,80,0.19,
末,mò,,none,,,,,1,1,64,64,64,0.19,
枉,Wǎng,Wronged/bent,apparatus,1/1,,,,1,1,22,22,22,0.19,
枯,kū,,none,,,,,1,1,76,76,76,0.19,
柢,dǐ,,none,,,,,1,1,59,59,59,0.19,
梁,liáng,,none,,,,,1,1,42,42,42,0.19,
棘,jí,,none,,,,,1,1,30,30,30,0.19,
楗,jiàn,,none,,,,,1,1,27,27,27,0.19,
槁,gǎo,,none,,,,,1,1,76,76,76,0.19,
橐,tuó,,none,,,,,1,1,5,5,5,0.19,
歇,xiē,,none,,,,,1,1,39,39,39,0.19,
歔,xū,pant/breathe heavy,apparatus,1/1,,,,1,1,29,29,29,0.19,
武,wǔ,,none,,,,,1,1,68,68,68,0.19,
殃,yāng,,none,,,,,1,1,52,52,52,0.19,
比,bǐ,,none,,,,,1,1,55,55,55,0.19,
毫,háo,,none,,,,,1,1,64,64,64,0.19,
汎,fàn,overflows/floods,apparatus,1/1,,,,1,1,34,34,34,0.19,
況,kuàng,how much more/let alone,apparatus,1/1,,,,1,1,23,23,23,0.19,
泊,bó,am anchored/still,apparatus,1/1,,,,1,1,20,20,20,0.19,
泣,qì,,none,,,,,1,1,31,31,31,0.19,
注,zhù,,none,,,,,1,1,49,49,49,0.19,
泮,pàn,,none,,,,,1,1,64,64,64,0.19,
泰,tài,excessive,apparatus,1/1,,,,1,1,29,29,29,0.19,
活,huó,,none,,,,,1,1,73,73,73,0.19,
流,liú,,none,,,,,1,1,61,61,61,0.19,
涉,shè,crossing,apparatus,1/1,,,,1,1,15,15,15,0.19,
渙,Huàn,Yielding/melting,apparatus,1/1,,,,1,1,15,15,15,0.19,
渝,yú,,none,,,,,1,1,41,41,41,0.19,
渾,hún,,none,,,,,1,1,49,49,49,0.19,
湛,Zhàn,,none,,,,,1,1,4,4,4,0.19,
滅,miè,,none,,,,,1,1,39,39,39,0.19,
滌,Dí,Washing,apparatus,1/1,,,,1,1,10,10,10,0.19,
滿,mǎn,filling,apparatus,1/1,,,,1,1,9,9,9,0.19,
澹,Dàn,Tranquil/drifting,apparatus,1/1,,,,1,1,20,20,20,0.19,
濟,ji,,none,,,,,1,1,52,52,52,0.19,
烹,pēng,,none,,,,,1,1,60,60,60,0.19,
熱,rè,,none,,,,,1,1,45,45,45,0.19,
燕,Yàn,Peacefully,apparatus,1/1,,,,1,1,26,26,26,0.19,
營,yíng,vital/encampment,apparatus,1/1,,,,1,1,10,10,10,0.19,
爪,zhǎo,,none,,,,,1,1,50,50,50,0.19,
父,fù,,none,,,,,1,1,42,42,42,0.19,
爽,shuǎng,dull/spoiled,apparatus,1/1,,,,1,1,12,12,12,0.19,
牢,láo,,none,,,,,1,1,20,20,20,0.19,
犬,quǎn,,none,,,,,1,1,80,80,80,0.19,
狂,kuáng,,none,,,,,1,1,12,12,12,0.19,
狎,xiá,,none,,,,,1,1,72,72,72,0.19,
猛,měng,,none,,,,,1,1,55,55,55,0.19,
獵,liè,,none,,,,,1,1,12,12,12,0.19,
獸,shòu,,none,,,,,1,1,55,55,55,0.19,
瑕,xiá,flaws/blemishes,apparatus,1/1,,,,1,1,27,27,27,0.19,
璧,bì,,none,,,,,1,1,62,62,62,0.19,
田,tián,,none,,,,,1,1,53,53,53,0.19,
畋,tián,,none,,,,,1,1,12,12,12,0.19,
疵,cī,flaw/blemish,apparatus,1/1,,,,1,1,10,10,10,0.19,
登,dēng,,none,,,,,1,1,20,20,20,0.19,
皦,jiǎo,bright/dazzling,apparatus,1/1,,,,1,1,14,14,14,0.19,
盲,máng,blind,apparatus,1/1,,,,1,1,12,12,12,0.19,
短,duǎn,,none,,,,,1,1,2,2,2,0.19,
石,shí,,none,,,,,1,1,39,39,39,0.19,
示,shì,,none,,,,,1,1,36,36,36,0.19,
社,shè,,none,,,,,1,1,78,78,78,0.19,
祀,sì,,none,,,,,1,1,54,54,54,0.19,
祭,jì,,none,,,,,1,1,54,54,54,0.19,
稅,shuì,,none,,,,,1,1,75,75,75,0.19,
稱,chēng,,none,,,,,1,1,42,42,42,0.19,
稷,jì,,none,,,,,1,1,78,78,78,0.19,
窈,Yǎo,Deep/dark,apparatus,1/1,,,,1,1,21,21,21,0.19,
窪,Wā,Hollow/low,apparatus,1/1,,,,1,1,22,22,22,0.19,
竭,jié,,none,,,,,1,1,39,39,39,0.19,
筋,jīn,,none,,,,,1,1,55,55,55,0.19,
策,cè,,none,,,,,1,1,27,27,27,0.19,
篤,dǔ,firmly/sincerely,apparatus,1/1,,,,1,1,16,16,16,0.19,
籌,chóu,,none,,,,,1,1,27,27,27,0.19,
籥,yuè,,none,,,,,1,1,5,5,5,0.19,
糞,fèn,,none,,,,,1,1,46,46,46,0.19,
紀,jì,,none,,,,,1,1,14,14,14,0.19,
約,yuē,,none,,,,,1,1,27,27,27,0.19,
素,sù,plainness/raw silk,apparatus,1/1,,,,1,1,19,19,19,0.19,
累,lěi,,none,,,,,1,1,64,64,64,0.19,
網,wǎng,,none,,,,,1,1,73,73,73,0.19,
綵,cǎi,,none,,,,,1,1,53,53,53,0.19,
繟,Chǎn,,none,,,,,1,1,73,73,73,0.19,
纇,lèi,,none,,,,,1,1,41,41,41,0.19,
罪,zuì,,none,,,,,1,1,62,62,62,0.19,
置,zhì,,none,,,,,1,1,62,62,62,0.19,
羸,léi,weak/fragile,apparatus,1/1,,,,1,1,29,29,29,0.19,
耀,yào,,none,,,,,1,1,58,58,58,0.19,
聾,lóng,deaf,apparatus,1/1,,,,1,1,12,12,12,0.19,
肆,sì,,none,,,,,1,1,58,58,58,0.19,
育,yù,,none,,,,,1,1,51,51,51,0.19,
興,xīng,,none,,,,,1,1,36,36,36,0.19,
舉,jǔ,,none,,,,,1,1,77,77,77,0.19,
舟,zhōu,,none,,,,,1,1,80,80,80,0.19,
色,sè,colors,apparatus,1/1,,,,1,1,12,12,12,0.19,
草,cǎo,,none,,,,,1,1,76,76,76,0.19,
荊,jīng,,none,,,,,1,1,30,30,30,0.19,
荒,Huāng,Vast/wild,apparatus,1/1,,,,1,1,20,20,20,0.19,
莅,lì,,none,,,,,1,1,60,60,60,0.19,
蓋,Gài,,none,,,,,1,1,50,50,50,0.19,
蔽,bì,worn out/concealed,apparatus,1/1,,,,1,1,15,15,15,0.19,
蕪,wú,,none,,,,,1,1,53,53,53,0.19,
藏,cáng,,none,,,,,1,1,44,44,44,0.19,
號,háo,,none,,,,,1,1,55,55,55,0.19,
螫,shì,,none,,,,,1,1,55,55,55,0.19,
蟲,chóng,,none,,,,,1,1,55,55,55,0.19,
衛,wèi,,none,,,,,1,1,67,67,67,0.19,
衣,Yī,,none,,,,,1,1,34,34,34,0.19,
裂,liè,,none,,,,,1,1,39,39,39,0.19,
褐,hè,,none,,,,,1,1,70,70,70,0.19,
要,yào,crucial/essential,apparatus,1/1,,,,1,1,27,27,27,0.19,
覆,fù,,none,,,,,1,1,51,51,51,0.19,
覽,lǎn,mirror/vision,apparatus,1/1,,,,1,1,10,10,10,0.19,
角,jiǎo,,none,,,,,1,1,50,50,50,0.19,
計,jì,calculating/planning,apparatus,1/1,,,,1,1,27,27,27,0.19,
託,tuō,relied upon/entrusted,apparatus,1/1,,,,1,1,13,13,13,0.19,
訥,nè,,none,,,,,1,1,45,45,45,0.19,
詰,jié,,none,,,,,1,1,14,14,14,0.19,
誠,Chéng,Truly,apparatus,1/1,,,,1,1,22,22,22,0.19,
誰,shuí,,none,,,,,1,1,4,4,4,0.19,
諱,huì,,none,,,,,1,1,57,57,57,0.19,
諾,nuò,,none,,,,,1,1,63,63,63,0.19,
謫,zhé,blame,apparatus,1/1,,,,1,1,27,27,27,0.19,
譬,Pì,compare,apparatus,1/1,,,,1,1,32,32,32,0.19,
豈,Qǐ,How could it be,apparatus,1/1,,,,1,1,22,22,22,0.19,
豐,fēng,,none,,,,,1,1,54,54,54,0.19,
豫,Yù,Hesitant/careful,apparatus,1/1,,,,1,1,15,15,15,0.19,
貞,zhēn,,none,,,,,1,1,39,39,39,0.19,
負,fù,,none,,,,,1,1,42,42,42,0.19,
財,cái,,none,,,,,1,1,53,53,53,0.19,
貧,pín,,none,,,,,1,1,57,57,57,0.19,
責,zé,,none,,,,,1,1,79,79,79,0.19,
貸,dài,,none,,,,,1,1,41,41,41,0.19,
費,fèi,,none,,,,,1,1,44,44,44,0.19,
賓,bīn,submit/align themselves,apparatus,1/1,,,,1,1,32,32,32,0.19,
質,zhì,,none,,,,,1,1,41,41,41,0.19,
贅,zhuì,superfluous/tumor,apparatus,1/1,,,,1,1,24,24,24,0.19,
赤,chì,,none,,,,,1,1,55,55,55,0.19,
走,zǒu,,none,,,,,1,1,46,46,46,0.19,
超,chāo,,none,,,,,1,1,26,26,26,0.19,
跡,jì,,none,,,,,1,1,27,27,27,0.19,
跨,Kuà,Striding/taking long steps,apparatus,1/1,,,,1,1,24,24,24,0.19,
蹶,jué,,none,,,,,1,1,39,39,39,0.19,
車,chē,,none,,,,,1,1,11,11,11,0.19,
載,Zài,Carrying,apparatus,1/1,,,,1,1,10,10,10,0.19,
輔,fǔ,,none,,,,,1,1,64,64,64,0.19,
輜,zī,,none,,,,,1,1,26,26,26,0.19,
輟,chuò,,none,,,,,1,1,54,54,54,0.19,
輻,fú,spokes,apparatus,1/1,,,,1,1,11,11,11,0.19,
輿,yú,,none,,,,,1,1,80,80,80,0.19,
轂,gǔ,hub,apparatus,1/1,,,,1,1,11,11,11,0.19,
轍,zhé,,none,,,,,1,1,27,27,27,0.19,
辭,cí,,none,,,,,1,1,34,34,34,0.19,
迎,Yíng,Meeting/welcoming,apparatus,1/1,,,,1,1,14,14,14,0.19,
通,tōng,penetrating/connected,apparatus,1/1,,,,1,1,15,15,15,0.19,
遇,yù,,none,,,,,1,1,50,50,50,0.19,
達,dá,,none,,,,,1,1,10,10,10,0.19,
還,huán,return/cycle back,apparatus,1/1,,,,1,1,30,30,30,0.19,
郊,jiāo,,none,,,,,1,1,46,46,46,0.19,
鄙,bǐ,rustic/uncouth,apparatus,1/1,,,,1,1,20,20,20,0.19,
鄰,lín,,none,,,,,1,1,15,15,15,0.19,
配,pèi,,none,,,,,1,1,68,68,68,0.19,
釋,shì,melt/thaw,apparatus,1/1,,,,1,1,15,15,15,0.19,
里,lǐ,,none,,,,,1,1,64,64,64,0.19,
金,Jīn,Gold,apparatus,1/1,,,,1,1,9,9,9,0.19,
鎮,zhèn,,none,,,,,1,1,37,37,37,0.19,
鑿,Záo,Chiseling/cutting,apparatus,1/1,,,,1,1,11,11,11,0.19,
閱,yuè,inspect/review,apparatus,1/1,,,,1,1,21,21,21,0.19,
闔,hé,closing,apparatus,1/1,,,,1,1,10,10,10,0.19,
闚,kuī,,none,,,,,1,1,47,47,47,0.19,
關,guān,,none,,,,,1,1,27,27,27,0.19,
阿,ē,flattery/yeah,apparatus,1/1,,,,1,1,20,20,20,0.19,
降,jiàng,,none,,,,,1,1,32,32,32,0.19,
陰,yīn,,none,,,,,1,1,42,42,42,0.19,
陳,chén,,none,,,,,1,1,80,80,80,0.19,
陸,Lù,,none,,,,,1,1,50,50,50,0.19,
陽,yáng,,none,,,,,1,1,42,42,42,0.19,
隅,yú,,none,,,,,1,1,41,41,41,0.19,
隣,Lín,,none,,,,,1,1,80,80,80,0.19,
隱,yǐn,,none,,,,,1,1,41,41,41,0.19,
隳,huī,fall/are destroyed,apparatus,1/1,,,,1,1,29,29,29,0.19,
雄,xióng,male/active,apparatus,1/1,,,,1,1,28,28,28,0.19,
雞,jī,,none,,,,,1,1,80,80,80,0.19,
雨,yǔ,,none,,,,,1,1,23,23,23,0.19,
露,lù,,none,,,,,1,1,32,32,32,0.19,
順,shùn,,none,,,,,1,1,65,65,65,0.19,
頑,wán,am stubborn,apparatus,1/1,,,,1,1,20,20,20,0.19,
風,fēng,,none,,,,,1,1,23,23,23,0.19,
飂,Liào,Blown by the wind,apparatus,1/1,,,,1,1,20,20,20,0.19,
飄,piāo,,none,,,,,1,1,23,23,23,0.19,
飲,yǐn,,none,,,,,1,1,53,53,53,0.19,
餌,er,,none,,,,,1,1,35,35,35,0.19,
駟,sì,,none,,,,,1,1,62,62,62,0.19,
驟,Zhòu,,none,,,,,1,1,23,23,23,0.19,
魄,pò,soul,apparatus,1/1,,,,1,1,10,10,10,0.19,
魚,Yú,,none,,,,,1,1,36,36,36,0.19,
鮮,xiān,,none,,,,,1,1,60,60,60,0.19,
鳥,niǎo,,none,,,,,1,1,55,55,55,0.19,
黑,hēi,black/dark,apparatus,1/1,,,,1,1,28,28,28,0.19,
