chapter,base_line,base_reading,witness,witness_name,witness_kind,witness_reading,meaning_bearing,our_call,followed,note,logged
2,長短相形，高下相盈,相形 … 相盈,siku-wangbi,editorial,,相較 … 相傾,yes,base,base,"The Siku Quanshu printing of Wang Bi reads 長短相較，髙下相傾. Our base text reads 形 and 盈, which are the Mawangdui readings — so our ""Wang Bi base text"" already carries non-Wang-Bi readings at this line. Worth knowing about the base text generally, not just here.",notes/manuscript.md
3,使夫智者不敢為也,智者,heshanggong,Heshang Gong,received,知者,yes,base,base,"Heshang Gong's text writes 知 and appends a phonetic note, 知音智 — ""知 is read zhi (as 智)"" — attached only here, not to the 無知 two lines above, so the tradition reads two words in consecutive lines even where one graph is written. The fork is meaning-bearing because the commentators then describe different people: Wang Bi glosses 智者謂知為也, ""those who know how to handle,"" the operators the line restrains; Heshang Gong glosses 思慮深，不輕言, ""deep in deliberation, not speaking lightly,"" which is almost word for word what he says of the approving 知者 at ch 56 (知者貴行不貴言也). We print the base text's 智者 and keep the English open — ""the knowers"" — because a word specific enough to settle the fork picks a side the Chinese does not.",notes/manuscript.md
3,不見可欲，使民心不亂,民,heshanggong,Heshang Gong,received,使心不亂,no,base,base,"Heshang Gong's lemma has no 民 in the third clause, and our own vendored Wang Bi carries the Siku compilers' collation note 〔案原本及各本俱無民字，惟永 樂大典有之…今校〕 — the base edition and every edition they consulted lack 民 here; only the Yongle Dadian has it, and they restored it on the evidence of Wang Bi's commentary. Nothing in the sense turns on it: the subject is the people either way. Logged because our own note at ch 3 says ""all three clauses are 使民X,"" and in the third clause that is an eighteenth-century editorial restoration rather than a reading the witnesses agree on.",notes/manuscript.md
4,湛兮，似或存,或,heshanggong,Heshang Gong,received,若,no,base,base,"Heshang Gong's lemma reads 似若存, and the Siku edition of Wang Bi carries the collation note 〔案或一作若〕, ""for 或, one edition reads 若."" Both are hedges of the same force — 或 perhaps, 若 as if — so nothing turns on it, and the doubled hedge 似 + 或/若 stands either way. Logged because the line was rewritten in 2026-08-31 and the fork should not be rediscovered later as if it were news.",notes/manuscript.md
8,政善治,政,heshanggong,Heshang Gong,received,正,no,base,base,"Heshang Gong's lemma prints 正 (zheng, straight/on the mark) where our base prints 政 (zheng, government), and his gloss follows the graph he prints — 无有不洗，清且平也, ""there is nothing it does not wash; clean and level,"" where 平 (level) answers 正. Barely a fork: Shuowen defines the one by the other, 政，正也。从攴从正，正亦聲 — 政 is 正 with 攴 (a hand holding a stick) added. We keep 政, rendered ""governing,"" which also leaves 治 free for ""order"" instead of colliding with it. Wang Bi is not vendored for this chapter, so there is no third reading to weigh.",notes/manuscript.md
9,揣而銳之，不可長保,銳,siku-wangbi,editorial,,梲,yes,base,base,"梲 is a roof-beam or a mallet-head; 銳 is a sharpened point. ""Hammer it to a point"" against ""hammer it into a beam."" We keep 銳, which the whole line's sense of over-sharpening requires.",notes/manuscript.md
10,天門開闔，能為雌乎,為,heshanggong,Heshang Gong,received,無,yes,base,base,"We print 能為雌乎, ""can you be the hen?"" Heshang Gong's lemma reads 能無雌乎, ""can you be without the hen?"" — the opposite instruction. And our own vendored Wang Bi prints 無 in the lemma with the Siku compilers' collation note attached: 〔案注義無似作為〕, ""by the sense of the commentary, 無 appears to be 為."" Wang Bi's commentary settles it — 雌應而不倡，因而不為。言天門開闔 能為雌乎 — so our 為 follows the Siku editors' own correction of the text they print. Logged because the reading had never been recorded, and because the English turns on it completely.",notes/manuscript.md
10,明白四達，能無為乎,無為,heshanggong,Heshang Gong,received,無知,yes,base,base,"Heshang Gong's text reads 能無知乎 here, the same three characters he prints two questions earlier at 愛民治國, so his chapter asks the 無知 question twice and never asks the 無為 question at all. He glosses this one 無有能知道滿於天下 者, ""there is none who can know the Tao that fills the world."" Wang Bi prints 無為 and glosses it 能無以為乎，則物化矣, quoting ch 37. We keep the base text. Logged because our English had 無為 and 無知 on each other's lines, and the fork sits on exactly those two lines.",notes/manuscript.md
19,絕聖棄智，民利百倍,絕聖棄智,guodian,Guodian bamboo slips,excavated,絕智棄辯,yes,base,base,聖 (shèng — sagehood) is not among the terms the oldest witness severs here; the slips pair 智 (zhì — knowing) with 辯 (biàn — disputation) instead.,notes/manuscript.md
19,絕仁棄義，民復孝慈,絕仁棄義,guodian,Guodian bamboo slips,excavated,絕偽棄慮,yes,base,base,"The received attack on 仁義 (rén yì — humaneness and duty) is absent from Guodian, which severs 偽 (wěi — artifice) and 慮 (lǜ — anxious scheming). Neither 仁 nor 義 appears in the passage at all. The reconstruction of the second graph is contested among editors; the fact that 仁義 is absent is not.",notes/manuscript.md
19,絕巧棄利，盜賊無有,絕巧棄利,guodian,Guodian bamboo slips,excavated,絕巧棄利,no,base,base,The one couplet of the three that Guodian and the received text share. Its agreement is what makes the other two forks legible as substitutions rather than as a different passage.,notes/manuscript.md
21,道之為物，惟恍惟惚,道之為物,mawangdui-a,Mawangdui silk A,excavated,道之物,no,base,base,"The silks drop 為, leaving 之 as a plain possessive — ""the Tao's thingness"" rather than ""the Tao's being a thing."" Both point at the same sense, so the reading is not in doubt; only the English is. Logged because it settles that the topic of the line is what the Tao amounts to as an entity.",notes/manuscript.md
21,道之為物，惟恍惟惚,道之為物,mawangdui-b,Mawangdui silk B,excavated,道之物,no,base,base,"The silks drop 為, leaving 之 as a plain possessive — ""the Tao's thingness"" rather than ""the Tao's being a thing."" Both point at the same sense, so the reading is not in doubt; only the English is. Logged because it settles that the topic of the line is what the Tao amounts to as an entity.",notes/manuscript.md
21,自古及今，其名不去,自古及今,mawangdui-a,Mawangdui silk A,excavated,自今及古,yes,base,base,"Reverses the direction of the inquiry. Mawangdui makes the chapter start from the present and trace backward; Wang Bi makes it arrive at the present. We render the arrival, which is the movement of the chapter.",notes/manuscript.md
21,自古及今，其名不去,自古及今,mawangdui-b,Mawangdui silk B,excavated,自今及古,yes,base,base,"Reverses the direction of the inquiry. Mawangdui makes the chapter start from the present and trace backward; Wang Bi makes it arrive at the present. We render the arrival, which is the movement of the chapter.",notes/manuscript.md
21,以閱眾甫,閱,mawangdui-a,Mawangdui silk A,excavated,順,yes,base,base,"閱 is to observe; 順 is to follow along with. The chapter closes on a knowledge question (吾何以知), which the epistemic verb fits.",notes/manuscript.md
21,以閱眾甫,閱,mawangdui-b,Mawangdui silk B,excavated,順,yes,base,base,"閱 is to observe; 順 is to follow along with. The chapter closes on a knowledge question (吾何以知), which the epistemic verb fits.",notes/manuscript.md
21,以閱眾甫,甫,mawangdui-a,Mawangdui silk A,excavated,父,no,base,base,"No decision needed. Ch 42 already settled that 父 here means origin or root, not father in the personal sense, so both give ""origin"" in English.",notes/manuscript.md
21,以閱眾甫,甫,mawangdui-b,Mawangdui silk B,excavated,父,no,base,base,"No decision needed. Ch 42 already settled that 父 here means origin or root, not father in the personal sense, so both give ""origin"" in English.",notes/manuscript.md
21,吾何以知眾甫之狀哉,狀,mawangdui-a,Mawangdui silk A,excavated,然,yes,mawangdui-a,witness,"RESOLVED 2026-08-11 — we follow 然. Five arguments converge, and only the last four are about manuscripts. 狀 (zhuàng, shape) occurs twice in the whole book; 然 (rán, so) occurs twelve times, and 吾何以知…然哉？以此 is a FIXED CLOSING FORMULA that Ch 54 and Ch 57 both use — 然 completes it and 狀 breaks it. Then: both Mawangdui silks read 然, the Song Heshang Gong edition reads 然, and the Siku compilers' own note on this line reads 〔案狀各本俱作然〕, ""for 狀, all editions read 然"". Rendered ""How do I know the origin of the many is so?"", which lets a reader hear the formula in all three chapters. The base text and Source table keep 狀; only the translation follows the witnesses, as at Ch 41, 42, 47 and 53.",notes/manuscript.md
21,吾何以知眾甫之狀哉,狀,mawangdui-b,Mawangdui silk B,excavated,然,yes,mawangdui-a,witness,"RESOLVED 2026-08-11 — we follow 然. Five arguments converge, and only the last four are about manuscripts. 狀 (zhuàng, shape) occurs twice in the whole book; 然 (rán, so) occurs twelve times, and 吾何以知…然哉？以此 is a FIXED CLOSING FORMULA that Ch 54 and Ch 57 both use — 然 completes it and 狀 breaks it. Then: both Mawangdui silks read 然, the Song Heshang Gong edition reads 然, and the Siku compilers' own note on this line reads 〔案狀各本俱作然〕, ""for 狀, all editions read 然"". Rendered ""How do I know the origin of the many is so?"", which lets a reader hear the formula in all three chapters. The base text and Source table keep 狀; only the translation follows the witnesses, as at Ch 41, 42, 47 and 53.",notes/manuscript.md
21,吾何以知眾甫之狀哉,狀,heshanggong,Heshang Gong,received,然,yes,mawangdui-a,witness,"RESOLVED 2026-08-11 — we follow 然. Five arguments converge, and only the last four are about manuscripts. 狀 (zhuàng, shape) occurs twice in the whole book; 然 (rán, so) occurs twelve times, and 吾何以知…然哉？以此 is a FIXED CLOSING FORMULA that Ch 54 and Ch 57 both use — 然 completes it and 狀 breaks it. Then: both Mawangdui silks read 然, the Song Heshang Gong edition reads 然, and the Siku compilers' own note on this line reads 〔案狀各本俱作然〕, ""for 狀, all editions read 然"". Rendered ""How do I know the origin of the many is so?"", which lets a reader hear the formula in all three chapters. The base text and Source table keep 狀; only the translation follows the witnesses, as at Ch 41, 42, 47 and 53.",notes/manuscript.md
21,吾何以知眾甫之狀哉,狀,siku-wangbi,editorial,,狀 〔案狀各本俱作然〕,yes,mawangdui-a,witness,"RESOLVED 2026-08-11 — we follow 然. Five arguments converge, and only the last four are about manuscripts. 狀 (zhuàng, shape) occurs twice in the whole book; 然 (rán, so) occurs twelve times, and 吾何以知…然哉？以此 is a FIXED CLOSING FORMULA that Ch 54 and Ch 57 both use — 然 completes it and 狀 breaks it. Then: both Mawangdui silks read 然, the Song Heshang Gong edition reads 然, and the Siku compilers' own note on this line reads 〔案狀各本俱作然〕, ""for 狀, all editions read 然"". Rendered ""How do I know the origin of the many is so?"", which lets a reader hear the formula in all three chapters. The base text and Source table keep 狀; only the translation follows the witnesses, as at Ch 41, 42, 47 and 53.",notes/manuscript.md
25,故道大，天大，地大，王亦大,王,guodian,Guodian bamboo slips,excavated,王,yes,fuyi,witness,"CORRECTED 2026-08-20. This entry previously recorded ""both silks read 人"" and was wrong in the opposite direction. Every EXCAVATED witness reads 王 (wáng — king), Guodian (~300 BCE) included. 人 (rén — human) is a TRANSMITTED reading: 傅奕 (Fu Yi, Tang) carries it and claims a 古本 ancestor. We still follow 人, but on internal grounds — the next line is 人法地 — and not on manuscript age. See notes/manuscript.md.",notes/manuscript.md
25,故道大，天大，地大，王亦大,王,mawangdui-a,Mawangdui silk A,excavated,王,yes,fuyi,witness,"CORRECTED 2026-08-20. This entry previously recorded ""both silks read 人"" and was wrong in the opposite direction. Every EXCAVATED witness reads 王 (wáng — king), Guodian (~300 BCE) included. 人 (rén — human) is a TRANSMITTED reading: 傅奕 (Fu Yi, Tang) carries it and claims a 古本 ancestor. We still follow 人, but on internal grounds — the next line is 人法地 — and not on manuscript age. See notes/manuscript.md.",notes/manuscript.md
25,故道大，天大，地大，王亦大,王,mawangdui-b,Mawangdui silk B,excavated,王,yes,fuyi,witness,"CORRECTED 2026-08-20. This entry previously recorded ""both silks read 人"" and was wrong in the opposite direction. Every EXCAVATED witness reads 王 (wáng — king), Guodian (~300 BCE) included. 人 (rén — human) is a TRANSMITTED reading: 傅奕 (Fu Yi, Tang) carries it and claims a 古本 ancestor. We still follow 人, but on internal grounds — the next line is 人法地 — and not on manuscript age. See notes/manuscript.md.",notes/manuscript.md
25,故道大，天大，地大，王亦大,王,beida,Peking University Han bamboo,excavated,王,yes,fuyi,witness,"CORRECTED 2026-08-20. This entry previously recorded ""both silks read 人"" and was wrong in the opposite direction. Every EXCAVATED witness reads 王 (wáng — king), Guodian (~300 BCE) included. 人 (rén — human) is a TRANSMITTED reading: 傅奕 (Fu Yi, Tang) carries it and claims a 古本 ancestor. We still follow 人, but on internal grounds — the next line is 人法地 — and not on manuscript age. See notes/manuscript.md.",notes/manuscript.md
25,故道大，天大，地大，王亦大,王,fuyi,Fu Yi ancient text,received,人,yes,fuyi,witness,"CORRECTED 2026-08-20. This entry previously recorded ""both silks read 人"" and was wrong in the opposite direction. Every EXCAVATED witness reads 王 (wáng — king), Guodian (~300 BCE) included. 人 (rén — human) is a TRANSMITTED reading: 傅奕 (Fu Yi, Tang) carries it and claims a 古本 ancestor. We still follow 人, but on internal grounds — the next line is 人法地 — and not on manuscript age. See notes/manuscript.md.",notes/manuscript.md
25,域中有四大，而王居其一焉,王,guodian,Guodian bamboo slips,excavated,王,yes,fanyingyuan,witness,"CORRECTED 2026-08-20; the ""silk B caught mid-drift"" reading recorded here before was an artefact of a bad source. Guodian, both silks and the Beida Han slips all read 而王居一焉. The earliest extant witness for 人居其一焉 is 范應元 (Fan Yingyuan, Song), 老子道德經古本集註. We follow it as an editorial call, logged as such.",notes/manuscript.md
25,域中有四大，而王居其一焉,王,mawangdui-a,Mawangdui silk A,excavated,王,yes,fanyingyuan,witness,"CORRECTED 2026-08-20; the ""silk B caught mid-drift"" reading recorded here before was an artefact of a bad source. Guodian, both silks and the Beida Han slips all read 而王居一焉. The earliest extant witness for 人居其一焉 is 范應元 (Fan Yingyuan, Song), 老子道德經古本集註. We follow it as an editorial call, logged as such.",notes/manuscript.md
25,域中有四大，而王居其一焉,王,mawangdui-b,Mawangdui silk B,excavated,王,yes,fanyingyuan,witness,"CORRECTED 2026-08-20; the ""silk B caught mid-drift"" reading recorded here before was an artefact of a bad source. Guodian, both silks and the Beida Han slips all read 而王居一焉. The earliest extant witness for 人居其一焉 is 范應元 (Fan Yingyuan, Song), 老子道德經古本集註. We follow it as an editorial call, logged as such.",notes/manuscript.md
25,域中有四大，而王居其一焉,王,beida,Peking University Han bamboo,excavated,王,yes,fanyingyuan,witness,"CORRECTED 2026-08-20; the ""silk B caught mid-drift"" reading recorded here before was an artefact of a bad source. Guodian, both silks and the Beida Han slips all read 而王居一焉. The earliest extant witness for 人居其一焉 is 范應元 (Fan Yingyuan, Song), 老子道德經古本集註. We follow it as an editorial call, logged as such.",notes/manuscript.md
25,域中有四大，而王居其一焉,王,fanyingyuan,Fan Yingyuan,received,人,yes,fanyingyuan,witness,"CORRECTED 2026-08-20; the ""silk B caught mid-drift"" reading recorded here before was an artefact of a bad source. Guodian, both silks and the Beida Han slips all read 而王居一焉. The earliest extant witness for 人居其一焉 is 范應元 (Fan Yingyuan, Song), 老子道德經古本集註. We follow it as an editorial call, logged as such.",notes/manuscript.md
25,域中有四大,域,guodian,Guodian bamboo slips,excavated,國,no,base,base,"域 (bounded ground: 土 + 或) and 國 (a wall around the same 或) are one root with two classifiers, so the fork is not meaning-bearing. Worth keeping in view all the same: every excavated witness reads the STATE word, so the territorial frame is the oldest layer in this passage — older than the throne debate sitting beside it.",notes/manuscript.md
25,域中有四大,域,mawangdui-a,Mawangdui silk A,excavated,國,no,base,base,"域 (bounded ground: 土 + 或) and 國 (a wall around the same 或) are one root with two classifiers, so the fork is not meaning-bearing. Worth keeping in view all the same: every excavated witness reads the STATE word, so the territorial frame is the oldest layer in this passage — older than the throne debate sitting beside it.",notes/manuscript.md
25,域中有四大,域,mawangdui-b,Mawangdui silk B,excavated,國,no,base,base,"域 (bounded ground: 土 + 或) and 國 (a wall around the same 或) are one root with two classifiers, so the fork is not meaning-bearing. Worth keeping in view all the same: every excavated witness reads the STATE word, so the territorial frame is the oldest layer in this passage — older than the throne debate sitting beside it.",notes/manuscript.md
25,域中有四大,域,beida,Peking University Han bamboo,excavated,國,no,base,base,"域 (bounded ground: 土 + 或) and 國 (a wall around the same 或) are one root with two classifiers, so the fork is not meaning-bearing. Worth keeping in view all the same: every excavated witness reads the STATE word, so the territorial frame is the oldest layer in this passage — older than the throne debate sitting beside it.",notes/manuscript.md
25,有物混成,混,mawangdui-a,Mawangdui silk A,excavated,昆,no,base,base,"Graphic variant only; both read as merged, undifferentiated.",notes/manuscript.md
25,有物混成,混,mawangdui-b,Mawangdui silk B,excavated,昆,no,base,base,"Graphic variant only; both read as merged, undifferentiated.",notes/manuscript.md
26,君子終日行不離輜重,君子,siku-wangbi,editorial,,聖人,yes,base,base,"Our base reads 君子 (the gentleman — a Confucian term); BOTH the Siku Wang Bi and the Song Heshang Gong read 聖人 (the sage), and the Siku reads 主 where we read 王 later in the chapter. Two independent editions against our reading. Directly relevant to the thread on reading past the throne, since it shows the two vocabularies competing inside one recension. See DISCOVERIES.md §1.",notes/manuscript.md
26,君子終日行不離輜重,君子,heshanggong,Heshang Gong,received,聖人,yes,base,base,"Our base reads 君子 (the gentleman — a Confucian term); BOTH the Siku Wang Bi and the Song Heshang Gong read 聖人 (the sage), and the Siku reads 主 where we read 王 later in the chapter. Two independent editions against our reading. Directly relevant to the thread on reading past the throne, since it shows the two vocabularies competing inside one recension. See DISCOVERIES.md §1.",notes/manuscript.md
32,道常無名。樸雖小,道常無名。樸雖小,—,editorial,,,yes,punctuation,base,"A punctuation fork, not a textual one, and the Chinese carries no punctuation at all. Received breaks after 無名, making 樸 the subject that is small. We read 無名樸 as one attribute of the Tao, making the Tao what is small.",notes/manuscript.md
38,則攘臂而扔之,扔,heshanggong,Heshang Gong,received,仍,no,base,base,"Our vendored Wang Bi carries the Siku compilers' collation note 〔案扔各本俱作仍〕 — ""for 扔, all editions read 仍"" — and Heshang Gong's lemma does read 仍. Nothing turns on it: 說文 glosses 扔 as 因也, ""to draw along,"" and 仍 carries the same sense, which is why Heshang Gong's own gloss is 攘臂相仍引, ""bare their arms and pull at one another"" (引, to pull). Logged because our English had read ""forces them,"" which follows neither graph — both are about pulling, not force.",notes/manuscript.md
41,大器晚成,晚成,mawangdui-a,Mawangdui silk A,excavated,免成,yes,mawangdui-a,witness,"Completed late, against never completed. We follow the witnesses because it completes the parallel with 無隅 / 希聲 / 無形, each ""the great X lacks its defining mark.""",notes/manuscript.md
41,大器晚成,晚成,guodian,Guodian bamboo slips,excavated,曼成,yes,mawangdui-a,witness,"Completed late, against never completed. We follow the witnesses because it completes the parallel with 無隅 / 希聲 / 無形, each ""the great X lacks its defining mark.""",notes/manuscript.md
42,吾將以為教父,教父,mawangdui-a,Mawangdui silk A,excavated,學父,yes,mawangdui-a,witness,"Father of teaching, against father of learning. We follow the silk — the bolder reading and the older one. 父 means origin or root here.",notes/manuscript.md
46,禍莫大於不知足,(two calamity clauses),mawangdui-a,Mawangdui silk A,excavated,罪莫大於可欲 (a third,yes,base,base,"The older witnesses remember a rising three-beat — crime/desire, disaster/discontent, fault/greed — that the received text trimmed to two. We keep the received pair and note the fuller crescendo.",notes/manuscript.md
46,禍莫大於不知足,(two calamity clauses),fuyi,Fu Yi ancient text,received,罪莫大於可欲,yes,base,base,"The older witnesses remember a rising three-beat — crime/desire, disaster/discontent, fault/greed — that the received text trimmed to two. We keep the received pair and note the fuller crescendo.",notes/manuscript.md
47,不見而名,名,mawangdui-a,Mawangdui silk A,excavated,明,yes,mawangdui-a,witness,"The homophone pair, both míng. We follow 明 (clear-seeing): it completes the parallel of know / see-clearly / accomplish, each without its usual means.",notes/manuscript.md
51,長之育之，亭之毒之,亭之毒之,heshanggong,Heshang Gong,received,成之熟之,yes,base,base,"亭/毒 are obscure here and have long puzzled readers; Heshang Gong's edition reads 成之熟之 (""completes them, ripens them""), which is plainer and may be an early clarification of a hard reading rather than a witness to a different original. Logged for the Ch 51 sweep.",notes/manuscript.md
52,是謂襲常,襲,wangbi,Wang Bi received recension,received,習,yes,base,base,"Two different characters, not two readings of one. 襲 (xi) is to layer a garment over another; 習 (xi) is to practise. Both commentaries print 習 here — Heshang Gong glosses it 習修常道, ""practising and cultivating the constant Tao"" — and the Siku edition of Wang Bi carries the collation note 〔案習各本作襲〕, ""for 習, all editions read 襲."" We follow the base text and read 襲, because 是謂襲明 at ch 27 is structurally identical and 明 / 常 are the book's own bonded pair (知常曰明, ch 16 and 55); reading 習 here dissolves that pair into a coincidence. Our English at ch 52 had been following 習 without anyone recording the fork.",notes/manuscript.md
52,是謂襲常,襲,heshanggong,Heshang Gong,received,習,yes,base,base,"Two different characters, not two readings of one. 襲 (xi) is to layer a garment over another; 習 (xi) is to practise. Both commentaries print 習 here — Heshang Gong glosses it 習修常道, ""practising and cultivating the constant Tao"" — and the Siku edition of Wang Bi carries the collation note 〔案習各本作襲〕, ""for 習, all editions read 襲."" We follow the base text and read 襲, because 是謂襲明 at ch 27 is structurally identical and 明 / 常 are the book's own bonded pair (知常曰明, ch 16 and 55); reading 習 here dissolves that pair into a coincidence. Our English at ch 52 had been following 習 without anyone recording the fork.",notes/manuscript.md
53,是謂盜夸,夸,mawangdui-a,Mawangdui silk A,excavated,竽,yes,mawangdui-a,witness,夸 is swagger; 竽 is the great reed mouth-organ that led the ancient ensemble. 盜竽 makes the gleaming ruler not merely a loud thief but the ringleader whose tune the rest play along to. Han Feizi reads it so.,notes/manuscript.md
53,是謂盜夸,夸,mawangdui-b,Mawangdui silk B,excavated,竽,yes,mawangdui-a,witness,夸 is swagger; 竽 is the great reed mouth-organ that led the ancient ensemble. 盜竽 makes the gleaming ruler not merely a loud thief but the ringleader whose tune the rest play along to. Han Feizi reads it so.,notes/manuscript.md
53,是謂盜夸,夸,hanfeizi,"Han Feizi, 解老 / 喻老",quotation,竽,yes,mawangdui-a,witness,夸 is swagger; 竽 is the great reed mouth-organ that led the ancient ensemble. 盜竽 makes the gleaming ruler not merely a loud thief but the ringleader whose tune the rest play along to. Han Feizi reads it so.,notes/manuscript.md
55,未知牝牡之合而朘作,朘,siku-wangbi,editorial,,全,yes,base,base,"Correcting our own record. The manuscript note long claimed our base text read 全 and that we were keeping it; our source table in fact reads 朘, the Mawangdui and Fu Yi reading, while the verse renders 全 (""their whole being quickens""). The received Wang Bi reading is 全, as the Siku printing shows. So the verse follows 全 and the source table shows 朘. Found by the commentary import, 2026-08-11.",notes/manuscript.md
55,未知牝牡之合而朘作,朘,mawangdui-a,Mawangdui silk A,excavated,朘,yes,base,base,"Correcting our own record. The manuscript note long claimed our base text read 全 and that we were keeping it; our source table in fact reads 朘, the Mawangdui and Fu Yi reading, while the verse renders 全 (""their whole being quickens""). The received Wang Bi reading is 全, as the Siku printing shows. So the verse follows 全 and the source table shows 朘. Found by the commentary import, 2026-08-11.",notes/manuscript.md
55,未知牝牡之合而朘作,朘,fuyi,Fu Yi ancient text,received,朘,yes,base,base,"Correcting our own record. The manuscript note long claimed our base text read 全 and that we were keeping it; our source table in fact reads 朘, the Mawangdui and Fu Yi reading, while the verse renders 全 (""their whole being quickens""). The received Wang Bi reading is 全, as the Siku printing shows. So the verse follows 全 and the source table shows 朘. Found by the commentary import, 2026-08-11.",notes/manuscript.md
55,未知牝牡之合而全作,全,mawangdui-a,Mawangdui silk A,excavated,朘,yes,base,base,"朘 is specifically the infant boy's member. We keep our base text's 全 (whole) in its plain sense, which preserves the point about desireless potency while keeping the emblem available to infants of every gender.",notes/manuscript.md
55,未知牝牡之合而全作,全,fuyi,Fu Yi ancient text,received,朘,yes,base,base,"朘 is specifically the infant boy's member. We keep our base text's 全 (whole) in its plain sense, which preserves the point about desireless potency while keeping the emblem available to infants of every gender.",notes/manuscript.md
61,大國者下流 … (國 ×7),國,mawangdui-a,Mawangdui silk A,excavated,邦,no,base,base,"The systematic Han name-taboo avoiding the personal name of the founding emperor Liu Bang (劉邦). Meaning-neutral, logged once rather than at each of the seven occurrences.",notes/manuscript.md
61,大國者下流 … (國 ×7),國,mawangdui-b,Mawangdui silk B,excavated,邦,no,base,base,"The systematic Han name-taboo avoiding the personal name of the founding emperor Liu Bang (劉邦). Meaning-neutral, logged once rather than at each of the seven occurrences.",notes/manuscript.md
61,小國以下大國，則取大國,則取大國,—,editorial,,,yes,base,base,"Not a witness fork but an editorial one: some editions supply 於 (取於大國) to license a passive reading. We keep the active in both halves, since the chiastic repetition is the argument. Heshang Gong reads it actively too.",notes/manuscript.md
62,美言可以市尊，美行可以加人,市尊，美行,mawangdui-a,Mawangdui silk A,excavated,市 | 尊行,yes,base,base,"RESOLVED 2026-08-12 by Shalom, against the recommendation, and the recommendation is recorded because the evidence is genuinely split. The silks, Fu Yi, Fan Yingyuan and both commentaries divide after 市 and read 尊行; our base divides after 尊 and reads 美行, and the Huainanzi (c. 139 BCE) quotes the base reading twice, in 人間訓 and 道應訓, with Yu Yue and Zhu Qianzhi following it. We keep the base: the 美 / 美 parallel is the reading our own recension carries and the oldest quotation supports, and the split camp is not unanimous either (Fu Yi reads 尊言, not 尊行). The arguments on the other side — lectio difficilior, and Wang Bi's commentary disagreeing with the text printed over it — are set out in notes/manuscript.md and stand as the case against this call.",notes/manuscript.md
62,美言可以市尊，美行可以加人,市尊，美行,mawangdui-b,Mawangdui silk B,excavated,市 | 尊行,yes,base,base,"RESOLVED 2026-08-12 by Shalom, against the recommendation, and the recommendation is recorded because the evidence is genuinely split. The silks, Fu Yi, Fan Yingyuan and both commentaries divide after 市 and read 尊行; our base divides after 尊 and reads 美行, and the Huainanzi (c. 139 BCE) quotes the base reading twice, in 人間訓 and 道應訓, with Yu Yue and Zhu Qianzhi following it. We keep the base: the 美 / 美 parallel is the reading our own recension carries and the oldest quotation supports, and the split camp is not unanimous either (Fu Yi reads 尊言, not 尊行). The arguments on the other side — lectio difficilior, and Wang Bi's commentary disagreeing with the text printed over it — are set out in notes/manuscript.md and stand as the case against this call.",notes/manuscript.md
62,美言可以市尊，美行可以加人,市尊，美行,wangbi,Wang Bi received recension,received,市 | 尊行 (in the commentary,yes,base,base,"RESOLVED 2026-08-12 by Shalom, against the recommendation, and the recommendation is recorded because the evidence is genuinely split. The silks, Fu Yi, Fan Yingyuan and both commentaries divide after 市 and read 尊行; our base divides after 尊 and reads 美行, and the Huainanzi (c. 139 BCE) quotes the base reading twice, in 人間訓 and 道應訓, with Yu Yue and Zhu Qianzhi following it. We keep the base: the 美 / 美 parallel is the reading our own recension carries and the oldest quotation supports, and the split camp is not unanimous either (Fu Yi reads 尊言, not 尊行). The arguments on the other side — lectio difficilior, and Wang Bi's commentary disagreeing with the text printed over it — are set out in notes/manuscript.md and stand as the case against this call.",notes/manuscript.md
62,美言可以市尊，美行可以加人,市尊，美行,heshanggong,Heshang Gong,received,市 | 尊行,yes,base,base,"RESOLVED 2026-08-12 by Shalom, against the recommendation, and the recommendation is recorded because the evidence is genuinely split. The silks, Fu Yi, Fan Yingyuan and both commentaries divide after 市 and read 尊行; our base divides after 尊 and reads 美行, and the Huainanzi (c. 139 BCE) quotes the base reading twice, in 人間訓 and 道應訓, with Yu Yue and Zhu Qianzhi following it. We keep the base: the 美 / 美 parallel is the reading our own recension carries and the oldest quotation supports, and the split camp is not unanimous either (Fu Yi reads 尊言, not 尊行). The arguments on the other side — lectio difficilior, and Wang Bi's commentary disagreeing with the text printed over it — are set out in notes/manuscript.md and stand as the case against this call.",notes/manuscript.md
62,美言可以市尊，美行可以加人,市尊，美行,fuyi,Fu Yi ancient text,received,于市 | 尊言,yes,base,base,"RESOLVED 2026-08-12 by Shalom, against the recommendation, and the recommendation is recorded because the evidence is genuinely split. The silks, Fu Yi, Fan Yingyuan and both commentaries divide after 市 and read 尊行; our base divides after 尊 and reads 美行, and the Huainanzi (c. 139 BCE) quotes the base reading twice, in 人間訓 and 道應訓, with Yu Yue and Zhu Qianzhi following it. We keep the base: the 美 / 美 parallel is the reading our own recension carries and the oldest quotation supports, and the split camp is not unanimous either (Fu Yi reads 尊言, not 尊行). The arguments on the other side — lectio difficilior, and Wang Bi's commentary disagreeing with the text printed over it — are set out in notes/manuscript.md and stand as the case against this call.",notes/manuscript.md
62,美言可以市尊，美行可以加人,市尊，美行,huainanzi,editorial,,市尊 | 美行 (quoted twice),yes,base,base,"RESOLVED 2026-08-12 by Shalom, against the recommendation, and the recommendation is recorded because the evidence is genuinely split. The silks, Fu Yi, Fan Yingyuan and both commentaries divide after 市 and read 尊行; our base divides after 尊 and reads 美行, and the Huainanzi (c. 139 BCE) quotes the base reading twice, in 人間訓 and 道應訓, with Yu Yue and Zhu Qianzhi following it. We keep the base: the 美 / 美 parallel is the reading our own recension carries and the oldest quotation supports, and the split camp is not unanimous either (Fu Yi reads 尊言, not 尊行). The arguments on the other side — lectio difficilior, and Wang Bi's commentary disagreeing with the text printed over it — are set out in notes/manuscript.md and stand as the case against this call.",notes/manuscript.md
62,道者萬物之奧,奧,mawangdui-a,Mawangdui silk A,excavated,注,yes,base,base,"The chapter's opening word, and the oldest witnesses do not have it. Gao Ming's Boshu Laozi Jiaozhu reads the silks' 注 as a loan for 主 (zhu — master), giving ""the Tao is the master of the countless things"", and cites Zheng Xuan on Liji Liyun (奧猶主也) and Zuozhuan Zhao 13 (國有奧主) to show that 奧 itself bore that sense. We keep 奧 and decline the mastery reading, because Ch 34 denies it twice in the identical words — 衣養萬物而不為主 and 萬物歸焉而不為主. Both of the silks' available senses (注 as ""pour into"", or 主 by way of 奧's own ""one who presides at the corner"") run through a place, and the place is the older layer of the word. See notes/translation.md.",notes/manuscript.md
62,道者萬物之奧,奧,mawangdui-b,Mawangdui silk B,excavated,注,yes,base,base,"The chapter's opening word, and the oldest witnesses do not have it. Gao Ming's Boshu Laozi Jiaozhu reads the silks' 注 as a loan for 主 (zhu — master), giving ""the Tao is the master of the countless things"", and cites Zheng Xuan on Liji Liyun (奧猶主也) and Zuozhuan Zhao 13 (國有奧主) to show that 奧 itself bore that sense. We keep 奧 and decline the mastery reading, because Ch 34 denies it twice in the identical words — 衣養萬物而不為主 and 萬物歸焉而不為主. Both of the silks' available senses (注 as ""pour into"", or 主 by way of 奧's own ""one who presides at the corner"") run through a place, and the place is the older layer of the word. See notes/translation.md.",notes/manuscript.md
62,故立天子，置三公,三公,mawangdui-a,Mawangdui silk A,excavated,三鄉 (read by editors as 三卿),no,base,base,"The silks write 鄉, which editors read as a loan for 卿 (qing — high minister). Not meaning-bearing, and logged because it settles an English question: 公 is conventionally rendered ""duke"", but the oldest witness names the office with the word that means minister. Our ""the three ministers"" is the older reading's own word. The same line confirms 天子 stands in the silks — the title is not a later accretion.",notes/manuscript.md
62,故立天子，置三公,三公,mawangdui-b,Mawangdui silk B,excavated,三鄉 (read by editors as 三卿),no,base,base,"The silks write 鄉, which editors read as a loan for 卿 (qing — high minister). Not meaning-bearing, and logged because it settles an English question: 公 is conventionally rendered ""duke"", but the oldest witness names the office with the word that means minister. Our ""the three ministers"" is the older reading's own word. The same line confirms 天子 stands in the silks — the title is not a later accretion.",notes/manuscript.md
62,善人之寶，不善人之所保,寶 … 保,mawangdui-a,Mawangdui silk A,excavated,one graph used in both positions,yes,base,base,"Two separate forks. (1) Where our base uses two different graphs, 寶 (treasure) then 保 (keep safe), the silks use the same graph twice — published transcriptions differ on which, and that disagreement is itself modern editorial work. So the received text's pair may be a later differentiation of one word. (2) Dunhuang manuscripts, Yan Zun and Zhao Zhijian read 不善人之所不保 — with a negation, reversing the clause. Yan Kejun reports all editions reading 所保. We keep the base text; the negation would make the Tao what the unmasterful fail to keep, which contradicts the chapter's 何棄之有.",notes/manuscript.md
62,善人之寶，不善人之所保,寶 … 保,mawangdui-b,Mawangdui silk B,excavated,one graph used in both positions,yes,base,base,"Two separate forks. (1) Where our base uses two different graphs, 寶 (treasure) then 保 (keep safe), the silks use the same graph twice — published transcriptions differ on which, and that disagreement is itself modern editorial work. So the received text's pair may be a later differentiation of one word. (2) Dunhuang manuscripts, Yan Zun and Zhao Zhijian read 不善人之所不保 — with a negation, reversing the clause. Yan Kejun reports all editions reading 所保. We keep the base text; the negation would make the Tao what the unmasterful fail to keep, which contradicts the chapter's 何棄之有.",notes/manuscript.md
62,善人之寶，不善人之所保,寶 … 保,dunhuang,editorial,,所不保,yes,base,base,"Two separate forks. (1) Where our base uses two different graphs, 寶 (treasure) then 保 (keep safe), the silks use the same graph twice — published transcriptions differ on which, and that disagreement is itself modern editorial work. So the received text's pair may be a later differentiation of one word. (2) Dunhuang manuscripts, Yan Zun and Zhao Zhijian read 不善人之所不保 — with a negation, reversing the clause. Yan Kejun reports all editions reading 所保. We keep the base text; the negation would make the Tao what the unmasterful fail to keep, which contradicts the chapter's 何棄之有.",notes/manuscript.md
63,大小多少，報怨以德,報怨以德,mawangdui-a,Mawangdui silk A,excavated,報怨以德,no,base,base,"Not a fork but an attestation, and it settles a long-standing suspicion. The line is routinely treated as a stray from Ch 79 (和大怨) that migrated here. Mawangdui A has it in this chapter, immediately after 大小多少, so it is original to Ch 63 and the collision with Analects 14.34 is the text's own.",notes/manuscript.md
63,夫輕諾必寡信,輕諾必寡信,mawangdui-b,Mawangdui silk B,excavated,damaged — two graphs illegible in the 輕…信 span,no,base,base,"Both silks are damaged through this line and B preserves only part of it, so the 信 → trust lock rests here on the received text alone. Recorded as the fact of the damage, not as anyone's reconstruction of the lost graphs.",notes/manuscript.md
64,其脆易泮，其微易散,泮,heshanggong,Heshang Gong,received,破,yes,base,base,"Our Wang Bi base reads 泮 (pàn — to thaw; the water radical, ice going soft), Heshang Gong's lemma text reads 破 (pò — to shatter). Thaw versus break, for a thing described as 脆 (cuì — brittle). The Siku editors flag the head character too — 〔案脆釋文云一作膬〕, the Shiwen reporting 膬 for 脆. We keep the base graph and render toward shattering, which is what brittleness does; the fork is small but it is the difference between a thing dissolving and a thing snapping.",notes/manuscript.md
64,whole chapter,one continuous chapter,guodian,Guodian bamboo slips,excavated,halves separated; second half copied twice,no,base,base,"At Guodian the two halves of this chapter are not adjacent and not equally attested. Bundle A carries the second half (為者敗之 onward) in its first slip-unit and the first half (其安易持 onward) in its fourth, with other chapters between them; bundle C carries the second half again. So the second half is the only passage in the Guodian Laozi copied twice, and the two halves never appear joined in the order our base text gives them. A fact about how the material circulated around 300 BCE, not a fork to decide — but strong evidence the received chapter is two sayings joined, and the seam is visible in the sense at exactly the point the slips break it. See sources/guodian-inventory.yaml.",notes/manuscript.md
65,知此兩者亦稽式,稽,heshanggong,Heshang Gong,received,楷,no,base,base,"Our Wang Bi base reads 稽式 (jī shì); Heshang Gong's text reads 楷式 (kǎi shì), and the Siku editors flag it themselves — 〔案河上公注本稽作楷下同〕, ""in the Heshang Gong recension 稽 is written 楷, and likewise below."" Both compounds mean a standard or model, so the English is the same either way. Recorded because the two commentators gloss it differently and the reading turns on that, not on the graph: Wang Bi takes 稽 as 同 (tóng — held in common), 今古之所同則不可廢, ""what past and present hold in common cannot be discarded""; Heshang Gong takes 楷式 as 法式, the working pattern for governing self and state.",notes/manuscript.md
67,天下皆謂我道大，似不肖,我道大,heshanggong,Heshang Gong,received,我大,yes,heshanggong,witness,"RESOLVED 2026-08-19 — we follow 我大, ""I am vast,"" against our own base text. Six arguments converge. (1) 不肖 is a self-deprecating FIRST-PERSON term in classical Chinese — ""I, the unworthy one,"" from a child not resembling its father; it is a person-word. (2) Heshang Gong's lemma omits 道 and his comment is unmistakably personal: 我則佯愚似不肖, ""I then feign foolishness and seem unworthy."" (3) He reads 細 as 小人, a petty person, not a small thing — which is where the earlier argument for the base text collapsed. (4) The chapter continues 我有三寶 with no change of subject. (5) 我 is the self SEEN (glossary/wo-wu-我吾.md), which is exactly what 天下皆謂我 needs. (6) Ch 20 and Ch 70 are the same chapter in other words, both first-person, both about being misperceived by 天下, and Ch 20 shares the 我…似X shape verbatim. 道 looks like a copyist softening an apparent boast. The base text and Source table keep 道; only the verse follows the witness, as at Ch 21.",notes/manuscript.md
67,不敢為天下先，故能成器長,器,hanfeizi,"Han Feizi, 解老 / 喻老",quotation,事,yes,base,base,"The Siku compilers flag it themselves — 〔案器韓非子作事〕, ""for 器, the Han Feizi text reads 事."" So the oldest witness to this passage reads 成事長, chief of affairs, where our base reads 成器長, chief of vessels. The difference is real: 器 (vessel, and the counter-term to 樸, uncarved wood) makes the line say that the uncarved comes to lead the carved; 事 (affairs) makes it an ordinary claim about precedence in undertakings. We keep 器, which Ch 28's 樸散則為器 supports, and log the older reading rather than bury it.",notes/manuscript.md
68,善勝敵者，不與,敵,heshanggong,Heshang Gong,received,戰,no,base,base,"Our base reads 善勝敵者, ""one masterful at overcoming enemies""; Heshang Gong's lemma reads 善勝戰者, ""one masterful at winning battles."" His own comment then uses 敵 twice — 不與敵爭而敵自服也 — so the reading behind the commentary is our base's, and the lemma looks like a copyist's assimilation to 善戰者 in the line above. Not meaning-bearing; logged because the chapter's four parallel 善X者 clauses are its whole structure, and a witness that repeats 戰 in two of them flattens it.",notes/manuscript.md
69,故抗兵相若，哀者勝矣,相若,wangbi,Wang Bi received recension,received,相加,no,base,base,"Our base text reads 相若 (xiāng ruò — ""are alike""), but the Siku printing of Wang Bi and the Song Heshang Gong both lemmatise 相加 (xiāng jiā), and Wang Bi glosses it 加當也 — ""加 means to be a match for."" Both readings land on ""evenly matched,"" so nothing in the English turns on it. Logged because this is the third place our so-called Wang Bi base departs from the Siku Wang Bi (see Ch 2 and Ch 73), which is a fact about the base text rather than about this chapter.",notes/manuscript.md
69,故抗兵相若，哀者勝矣,相若,heshanggong,Heshang Gong,received,相加,no,base,base,"Our base text reads 相若 (xiāng ruò — ""are alike""), but the Siku printing of Wang Bi and the Song Heshang Gong both lemmatise 相加 (xiāng jiā), and Wang Bi glosses it 加當也 — ""加 means to be a match for."" Both readings land on ""evenly matched,"" so nothing in the English turns on it. Logged because this is the third place our so-called Wang Bi base departs from the Siku Wang Bi (see Ch 2 and Ch 73), which is a fact about the base text rather than about this chapter.",notes/manuscript.md
72,無狎其所居,狎,heshanggong,Heshang Gong,received,狹,yes,base,base,"Two homophones, xiá. 狎 is 犭 (dog) beside 甲 — to crowd in, to grow over-familiar, to make light of. 狹 is 犭 beside 夾 (squeezed between) — narrow, cramped. The base reading is an act done to the people from outside; 河上公's is a condition of the space itself, which is what his reading of the chapter needs (心居神…當寬柔，不當急狹 — ""the heart is where the spirit dwells; it should be broad and yielding, not tight and cramped""). 王弼 has 狎 in his own commentary (自貴則物狎厭居生), so the base is secure.",notes/manuscript.md
73,天之所惡，孰知其故？,line absent,wangbi,Wang Bi received recension,received,是以聖人猶難之,yes,wangbi,witness,"RESOLVED 2026-08-20 — the line is RESTORED to the Source table and to source/chinese.md, by Shalom's call. Our base text had OMITTED a line that both classical commentaries carry after 孰知其故 — 是以聖人猶難之, ""therefore even the sage finds it difficult."" It is not a variant reading but a missing line, and both commentators build their argument on it: Wang Bi writes 夫聖人之明猶難於勇敢，況無聖人之明而欲行之也 (""the sage's own clarity still finds daring difficult; how much more one who lacks it and means to act anyway""), and Heshang Gong glosses it almost identically. Modern editors delete it as an importation from Ch 63, where the same six characters stand followed by 故終無難矣. But the deletion is editorial and modern, and the two oldest commentaries on our own base recension both had the line in front of them. UNDECIDED: restoring it means adding a row to the Source table, which is a base-text change and Shalom's call. The verse is currently drafted without it.",notes/manuscript.md
73,天之所惡，孰知其故？,line absent,heshanggong,Heshang Gong,received,是以聖人猶難之,yes,wangbi,witness,"RESOLVED 2026-08-20 — the line is RESTORED to the Source table and to source/chinese.md, by Shalom's call. Our base text had OMITTED a line that both classical commentaries carry after 孰知其故 — 是以聖人猶難之, ""therefore even the sage finds it difficult."" It is not a variant reading but a missing line, and both commentators build their argument on it: Wang Bi writes 夫聖人之明猶難於勇敢，況無聖人之明而欲行之也 (""the sage's own clarity still finds daring difficult; how much more one who lacks it and means to act anyway""), and Heshang Gong glosses it almost identically. Modern editors delete it as an importation from Ch 63, where the same six characters stand followed by 故終無難矣. But the deletion is editorial and modern, and the two oldest commentaries on our own base recension both had the line in front of them. UNDECIDED: restoring it means adding a row to the Source table, which is a base-text change and Shalom's call. The verse is currently drafted without it.",notes/manuscript.md
74,夫代司殺者殺，是謂代大匠斫,代司殺者殺,heshanggong,Heshang Gong,received,代司殺者,no,base,base,"Our base doubles 殺 — ""to stand in for the one who presides over killing and kill."" 河上公's lemma has it once: 夫代司殺者是謂代大匠斵. The Siku editors flag the divergence inside 王弼's own commentary text 〔案河上公注本作夫代司殺者是謂代大匠斲〕, so both printings in this repository agree that the two recensions differ here. Nothing in the English turns on it: an office named ""the one whose work is the killing"" already contains the act. Logged because it is a fourth place our base departs from a Siku-flagged reading (see Ch 2, 68, 73).",notes/manuscript.md
75,民之輕死，以其上求生之厚，是以輕死,以其上求生之厚,wangbi,Wang Bi received recension,received,以其求生之厚,yes,base,base,"Our base has 上 (shàng — those above) in the third charge; the lemmas in both commentary printings vendored here lack it, which throws 其 back onto the people and reverses who is being accused. 河上公's gloss reads it as the people; 王弼's comment — 皆由上不由其下也, ""entirely due to those above, not those below"" — reads the sense our base spells out. We keep the base for the triple parallel and for 王弼's 皆. Logged in notes/manuscript.md.",notes/manuscript.md
75,民之輕死，以其上求生之厚，是以輕死,以其上求生之厚,heshanggong,Heshang Gong,received,以其求生之厚,yes,base,base,"Our base has 上 (shàng — those above) in the third charge; the lemmas in both commentary printings vendored here lack it, which throws 其 back onto the people and reverses who is being accused. 河上公's gloss reads it as the people; 王弼's comment — 皆由上不由其下也, ""entirely due to those above, not those below"" — reads the sense our base spells out. We keep the base for the triple parallel and for 王弼's 皆. Logged in notes/manuscript.md.",notes/manuscript.md
76,是以兵強則不勝，木強則折,木強則折,wangbi,Wang Bi received recension,received,木強則兵,yes,base,base,"A three-way split, and both commentary printings vendored here depart from our base. 折 (zhé — to snap) is the base. 王弼's lemma reads 兵 (bīng — weapons), and his gloss commits to it: 物所加也, ""it is what gets applied to it"" — the strong tree draws the axe, so strength attracts violence rather than causing failure. 河上公's lemma reads 共 (gòng — together), glossed 木強大枝弱共生其上也, ""the tree being big and strong, the weak branches grow together above it"" — which turns the line into a setup for the closing couplet about below and above. We keep 折: the chapter's argument is physical throughout (corpse, green stem, dry stick), and 兵 would repeat the character from the clause immediately before it.",notes/manuscript.md
76,是以兵強則不勝，木強則折,木強則折,heshanggong,Heshang Gong,received,木強則共,yes,base,base,"A three-way split, and both commentary printings vendored here depart from our base. 折 (zhé — to snap) is the base. 王弼's lemma reads 兵 (bīng — weapons), and his gloss commits to it: 物所加也, ""it is what gets applied to it"" — the strong tree draws the axe, so strength attracts violence rather than causing failure. 河上公's lemma reads 共 (gòng — together), glossed 木強大枝弱共生其上也, ""the tree being big and strong, the weak branches grow together above it"" — which turns the line into a setup for the closing couplet about below and above. We keep 折: the chapter's argument is physical throughout (corpse, green stem, dry stick), and 兵 would repeat the character from the clause immediately before it.",notes/manuscript.md
80,使有什伯之器而不用,什伯之器,heshanggong,Heshang Gong,received,什伯人之器,no,base,base,"The Siku editors flag it inside 王弼's own text — 〔案什伯下河上公注本及各本 俱有人字〕, ""below 什伯, 河上公's commentary edition and all editions have the character 人"" — and 河上公's lemma confirms it, splitting at exactly that seam (使有什伯 / 人之器而不用). With 人 the phrase is ""tools for tens and hundreds of people""; without it, ""ten- and hundred-fold tools."" Both land on labour that many hands would otherwise do, which is what 王弼 reads anyway (無所用，何患 不足 — ""nowhere to use them; why worry about not enough?""). Logged because it is a fifth place our base departs from a Siku-flagged reading (see Ch 2, 68, 73, 74), and because 河上公 takes his 人 in a different direction from 王弼: 器謂農人之器 — the tools are the *farmers'*, and 不用 means the state does not requisition them (不徵召奪人良時也).",notes/manuscript.md
