id,name_zh,name_pinyin,name_en,kind,date_low,date_high,edition,rights,full_text,coverage_note
guodian,郭店,Guōdiàn,Guodian bamboo slips,excavated,-320,-300,excavated 1993,FACTS ONLY — no transcription admissible,no,"31 of 81 chapters attested; recorded as variant facts, never as text"
hanfeizi,韓非,Hán Fēi,"Han Feizi, 解老 / 喻老",quotation,-280,-233,"韓非子, ch. 20–21",public domain by age,no,the oldest commentary; 53 quotations across the 17 chapters he discusses
heshanggong,河上公,Héshàng Gōng,Heshang Gong,received,-206,220,"四部叢刊 0532, Song woodblock",public domain by age,no,"commentary complete at 81 of 81, with his own chapter titles"
mawangdui-a,馬王堆甲,Mǎwángduī jiǎ,Mawangdui silk A,excavated,-206,-195,excavated 1973,FACTS ONLY — no transcription admissible,no,"德 before 道; recorded as variant facts, never as text"
mawangdui-b,馬王堆乙,Mǎwángduī yǐ,Mawangdui silk B,excavated,-206,-168,excavated 1973,FACTS ONLY — no transcription admissible,no,"德 before 道; recorded as variant facts, never as text"
beida,北大,Běidà,Peking University Han bamboo,excavated,-206,-100,published 2012,FACTS ONLY — no transcription admissible,no,"recorded as variant facts, never as text"
wangbi,王弼,Wáng Bì,Wang Bi received recension,received,226,249,"欽定四庫全書, 1782",public domain by age,no,base text of this edition; commentary covers 71 of 81 chapters
fuyi,傅奕,Fù Yì,Fu Yi ancient text,received,555,639,not yet vendored,public domain by age; edition unverified,no,PROVENANCE names it admissible and owed; Phase 4
fanyingyuan,范應元,Fàn Yìngyuán,Fan Yingyuan,received,1200,1275,not vendored,public domain by age,no,cited in variants
